Index,Date,Temperature
0,1775-01-01,-2.6
1,1775-02-01,2.3
2,1775-03-01,4.7
3,1775-04-01,6.2
4,1775-05-01,10.2
5,1775-06-01,16.4
6,1775-07-01,16.5
7,1775-08-01,17.4
8,1775-09-01,13.7
9,1775-10-01,8.4
10,1775-11-01,3.9
11,1775-12-01,-0.8
12,1776-01-01,-6.2
13,1776-02-01,0.6
14,1776-03-01,3.7
15,1776-04-01,7.2
16,1776-05-01,10.5
17,1776-06-01,14.8
18,1776-07-01,16.5
19,1776-08-01,16.5
20,1776-09-01,11.9
21,1776-10-01,6.3
22,1776-11-01,2.1
23,1776-12-01,-2.1
24,1777-01-01,-2.8
25,1777-02-01,-0.9
26,1777-03-01,4.0
27,1777-04-01,
28,1777-05-01,12.6
29,1777-06-01,15.0
30,1777-07-01,15.6
31,1777-08-01,16.7
32,1777-09-01,11.8
33,1777-10-01,7.4
34,1777-11-01,3.8
35,1777-12-01,-0.6
36,1778-01-01,0.6
37,1778-02-01,-0.7
38,1778-03-01,4.0
39,1778-04-01,10.0
40,1778-05-01,12.7
41,1778-06-01,14.6
42,1778-07-01,17.9
43,1778-08-01,17.1
44,1778-09-01,12.0
45,1778-10-01,7.8
46,1778-11-01,4.5
47,1778-12-01,3.9
48,1779-01-01,-3.0
49,1779-02-01,3.9
50,1779-03-01,6.1
51,1779-04-01,11.2
52,1779-05-01,14.0
53,1779-06-01,14.0
54,1779-07-01,15.3
55,1779-08-01,15.8
56,1779-09-01,13.4
57,1779-10-01,9.3
58,1779-11-01,4.1
59,1779-12-01,3.4
60,1780-01-01,-3.0
61,1780-02-01,-2.3
62,1780-03-01,6.1
63,1780-04-01,6.8
64,1780-05-01,12.7
65,1780-06-01,14.4
66,1780-07-01,15.9
67,1780-08-01,15.7
68,1780-09-01,11.6
69,1780-10-01,8.9
70,1780-11-01,3.8
71,1780-12-01,-1.4
72,1781-01-01,-2.1
73,1781-02-01,0.7
74,1781-03-01,4.4
75,1781-04-01,9.1
76,1781-05-01,12.9
77,1781-06-01,16.6
78,1781-07-01,16.6
79,1781-08-01,18.3
80,1781-09-01,14.3
81,1781-10-01,7.8
82,1781-11-01,5.5
83,1781-12-01,0.8
84,1782-01-01,1.5
85,1782-02-01,-2.0
86,1782-03-01,4.3
87,1782-04-01,8.1
88,1782-05-01,13.2
89,1782-06-01,16.8
90,1782-07-01,19.1
91,1782-08-01,17.0
92,1782-09-01,13.5
93,1782-10-01,7.4
94,1782-11-01,2.2
95,1782-12-01,1.1
96,1783-01-01,2.1
97,1783-02-01,4.5
98,1783-03-01,3.8
99,1783-04-01,9.2
100,1783-05-01,14.4
101,1783-06-01,17.0
102,1783-07-01,18.2
103,1783-08-01,17.8
104,1783-09-01,14.9
105,1783-10-01,9.9
106,1783-11-01,4.2
107,1783-12-01,-2.3
108,1784-01-01,-4.8
109,1784-02-01,-1.1
110,1784-03-01,3.2
111,1784-04-01,6.9
112,1784-05-01,14.5
113,1784-06-01,16.1
114,1784-07-01,17.1
115,1784-08-01,21.0
116,1784-09-01,14.7
117,1784-10-01,5.7
118,1784-11-01,4.0
119,1784-12-01,0.1
120,1785-01-01,-1.8
121,1785-02-01,-0.6
122,1785-03-01,-1.8
123,1785-04-01,5.3
124,1785-05-01,12.2
125,1785-06-01,13.9
126,1785-07-01,15.9
127,1785-08-01,15.3
128,1785-09-01,14.9
129,1785-10-01,7.7
130,1785-11-01,4.1
131,1785-12-01,0.5
132,1786-01-01,-0.5
133,1786-02-01,0.7
134,1786-03-01,3.5
135,1786-04-01,9.5
136,1786-05-01,11.4
137,1786-06-01,15.8
138,1786-07-01,15.1
139,1786-08-01,14.5
140,1786-09-01,12.0
141,1786-10-01,6.1
142,1786-11-01,1.5
143,1786-12-01,0.5
144,1787-01-01,-1.8
145,1787-02-01,2.4
146,1787-03-01,4.3
147,1787-04-01,7.0
148,1787-05-01,10.7
149,1787-06-01,16.1
150,1787-07-01,16.2
151,1787-08-01,16.6
152,1787-09-01,12.1
153,1787-10-01,9.3
154,1787-11-01,4.5
155,1787-12-01,3.2
156,1788-01-01,0.9
157,1788-02-01,0.9
158,1788-03-01,4.7
159,1788-04-01,8.4
160,1788-05-01,12.6
161,1788-06-01,16.6
162,1788-07-01,19.0
163,1788-08-01,14.9
164,1788-09-01,14.0
165,1788-10-01,8.0
166,1788-11-01,2.4
167,1788-12-01,-6.3
168,1789-01-01,-1.7
169,1789-02-01,2.6
170,1789-03-01,1.2
171,1789-04-01,9.6
172,1789-05-01,15.1
173,1789-06-01,14.8
174,1789-07-01,17.1
175,1789-08-01,15.9
176,1789-09-01,13.3
177,1789-10-01,9.1
178,1789-11-01,4.3
179,1789-12-01,0.6
180,1790-01-01,-0.4
181,1790-02-01,3.2
182,1790-03-01,4.0
183,1790-04-01,7.4
184,1790-05-01,14.2
185,1790-06-01,17.0
186,1790-07-01,15.7
187,1790-08-01,16.8
188,1790-09-01,12.2
189,1790-10-01,7.6
190,1790-11-01,3.2
191,1790-12-01,2.4
192,1791-01-01,3.0
193,1791-02-01,1.6
194,1791-03-01,5.3
195,1791-04-01,9.7
196,1791-05-01,12.6
197,1791-06-01,14.9
198,1791-07-01,16.5
199,1791-08-01,17.7
200,1791-09-01,12.2
201,1791-10-01,8.0
202,1791-11-01,3.2
203,1791-12-01,1.3
204,1792-01-01,-0.7
205,1792-02-01,-0.6
206,1792-03-01,4.2
207,1792-04-01,8.8
208,1792-05-01,12.1
209,1792-06-01,16.0
210,1792-07-01,17.1
211,1792-08-01,16.8
212,1792-09-01,12.1
213,1792-10-01,7.3
214,1792-11-01,3.3
215,1792-12-01,1.1
216,1793-01-01,-2.4
217,1793-02-01,1.8
218,1793-03-01,2.8
219,1793-04-01,6.2
220,1793-05-01,12.3
221,1793-06-01,14.2
222,1793-07-01,18.0
223,1793-08-01,17.1
224,1793-09-01,12.9
225,1793-10-01,9.5
226,1793-11-01,4.3
227,1793-12-01,2.4
228,1794-01-01,1.0
229,1794-02-01,3.5
230,1794-03-01,5.7
231,1794-04-01,12.1
232,1794-05-01,14.4
233,1794-06-01,17.0
234,1794-07-01,19.7
235,1794-08-01,15.8
236,1794-09-01,11.7
237,1794-10-01,8.3
238,1794-11-01,4.0
239,1794-12-01,-0.6
240,1795-01-01,-6.0
241,1795-02-01,
242,1795-03-01,4.1
243,1795-04-01,10.2
244,1795-05-01,13.0
245,1795-06-01,16.5
246,1795-07-01,15.1
247,1795-08-01,16.8
248,1795-09-01,12.8
249,1795-10-01,11.1
250,1795-11-01,2.6
251,1795-12-01,2.7
252,1796-01-01,4.1
253,1796-02-01,1.8
254,1796-03-01,0.9
255,1796-04-01,6.8
256,1796-05-01,13.3
257,1796-06-01,15.3
258,1796-07-01,17.0
259,1796-08-01,17.1
260,1796-09-01,15.1
261,1796-10-01,9.0
262,1796-11-01,6.2
263,1796-12-01,-1.1
264,1797-01-01,0.3
265,1797-02-01,1.7
266,1797-03-01,3.0
267,1797-04-01,10.5
268,1797-05-01,15.8
269,1797-06-01,16.0
270,1797-07-01,23.4
271,1797-08-01,18.0
272,1797-09-01,15.1
273,1797-10-01,9.8
274,1797-11-01,4.3
275,1797-12-01,1.5
276,1798-01-01,0.8
277,1798-02-01,3.4
278,1798-03-01,5.0
279,1798-04-01,9.1
280,1798-05-01,13.4
281,1798-06-01,16.0
282,1798-07-01,17.0
283,1798-08-01,17.1
284,1798-09-01,14.7
285,1798-10-01,8.0
286,1798-11-01,5.4
287,1798-12-01,0.5
288,1799-01-01,-1.4
289,1799-02-01,1.8
290,1799-03-01,2.8
291,1799-04-01,8.0
292,1799-05-01,12.6
293,1799-06-01,14.2
294,1799-07-01,16.4
295,1799-08-01,17.0
296,1799-09-01,12.7
297,1799-10-01,8.6
298,1799-11-01,4.1
299,1799-12-01,-2.6
300,1800-01-01,-0.5
301,1800-02-01,0.3
302,1800-03-01,0.0
303,1800-04-01,13.9
304,1800-05-01,14.8
305,1800-06-01,13.7
306,1800-07-01,16.3
307,1800-08-01,17.6
308,1800-09-01,13.3
309,1800-10-01,7.9
310,1800-11-01,5.4
311,1800-12-01,0.6
312,1801-01-01,0.6
313,1801-02-01,0.5
314,1801-03-01,6.1
315,1801-04-01,9.2
316,1801-05-01,14.7
317,1801-06-01,14.5
318,1801-07-01,16.7
319,1801-08-01,15.2
320,1801-09-01,14.4
321,1801-10-01,10.4
322,1801-11-01,5.3
323,1801-12-01,1.2
324,1802-01-01,-1.7
325,1802-02-01,-0.7
326,1802-03-01,4.5
327,1802-04-01,9.1
328,1802-05-01,11.8
329,1802-06-01,16.6
330,1802-07-01,17.8
331,1802-08-01,18.1
332,1802-09-01,13.4
333,1802-10-01,11.5
334,1802-11-01,5.5
335,1802-12-01,1.8
336,1803-01-01,-4.0
337,1803-02-01,-3.2
338,1803-03-01,3.2
339,1803-04-01,10.8
340,1803-05-01,11.4
341,1803-06-01,14.6
342,1803-07-01,17.1
343,1803-08-01,16.8
344,1803-09-01,11.0
345,1803-10-01,7.9
346,1803-11-01,4.9
347,1803-12-01,0.6
348,1804-01-01,2.1
349,1804-02-01,-0.1
350,1804-03-01,1.2
351,1804-04-01,8.4
352,1804-05-01,13.2
353,1804-06-01,15.6
354,1804-07-01,16.8
355,1804-08-01,15.7
356,1804-09-01,13.9
357,1804-10-01,8.9
358,1804-11-01,1.1
359,1804-12-01,-2.1
360,1805-01-01,-1.8
361,1805-02-01,-0.1
362,1805-03-01,2.3
363,1805-04-01,6.3
364,1805-05-01,11.4
365,1805-06-01,14.5
366,1805-07-01,15.5
367,1805-08-01,14.9
368,1805-09-01,13.1
369,1805-10-01,5.5
370,1805-11-01,1.4
371,1805-12-01,0.6
372,1806-01-01,2.7
373,1806-02-01,2.7
374,1806-03-01,4.7
375,1806-04-01,6.8
376,1806-05-01,14.8
377,1806-06-01,15.4
378,1806-07-01,16.2
379,1806-08-01,15.9
380,1806-09-01,13.6
381,1806-10-01,7.5
382,1806-11-01,5.2
383,1806-12-01,3.8
384,1807-01-01,-0.3
385,1807-02-01,2.5
386,1807-03-01,2.1
387,1807-04-01,7.2
388,1807-05-01,14.3
389,1807-06-01,15.0
390,1807-07-01,18.1
391,1807-08-01,21.1
392,1807-09-01,13.2
393,1807-10-01,9.7
394,1807-11-01,5.5
395,1807-12-01,0.5
396,1808-01-01,0.0
397,1808-02-01,-0.1
398,1808-03-01,-1.3
399,1808-04-01,7.3
400,1808-05-01,14.5
401,1808-06-01,15.4
402,1808-07-01,18.1
403,1808-08-01,18.2
404,1808-09-01,14.2
405,1808-10-01,7.3
406,1808-11-01,3.3
407,1808-12-01,-3.3
408,1809-01-01,-1.2
409,1809-02-01,2.1
410,1809-03-01,2.6
411,1809-04-01,5.9
412,1809-05-01,13.8
413,1809-06-01,15.6
414,1809-07-01,17.0
415,1809-08-01,16.8
416,1809-09-01,13.2
417,1809-10-01,7.0
418,1809-11-01,2.0
419,1809-12-01,2.1
420,1810-01-01,-2.0
421,1810-02-01,-0.6
422,1810-03-01,4.7
423,1810-04-01,7.7
424,1810-05-01,13.4
425,1810-06-01,13.7
426,1810-07-01,16.9
427,1810-08-01,16.6
428,1810-09-01,15.2
429,1810-10-01,8.1
430,1810-11-01,3.6
431,1810-12-01,2.4
432,1811-01-01,-4.8
433,1811-02-01,-0.4
434,1811-03-01,5.7
435,1811-04-01,9.2
436,1811-05-01,16.0
437,1811-06-01,19.3
438,1811-07-01,17.7
439,1811-08-01,17.4
440,1811-09-01,13.5
441,1811-10-01,12.0
442,1811-11-01,4.9
443,1811-12-01,0.5
444,1812-01-01,-3.3
445,1812-02-01,1.2
446,1812-03-01,4.6
447,1812-04-01,5.8
448,1812-05-01,13.7
449,1812-06-01,15.7
450,1812-07-01,15.9
451,1812-08-01,16.0
452,1812-09-01,11.3
453,1812-10-01,10.4
454,1812-11-01,2.8
455,1812-12-01,-3.6
456,1813-01-01,-3.1
457,1813-02-01,2.6
458,1813-03-01,3.1
459,1813-04-01,9.9
460,1813-05-01,13.4
461,1813-06-01,13.6
462,1813-07-01,15.5
463,1813-08-01,14.7
464,1813-09-01,11.7
465,1813-10-01,8.1
466,1813-11-01,3.4
467,1813-12-01,1.2
468,1814-01-01,-1.5
469,1814-02-01,-3.7
470,1814-03-01,3.3
471,1814-04-01,9.9
472,1814-05-01,10.8
473,1814-06-01,13.6
474,1814-07-01,17.4
475,1814-08-01,16.3
476,1814-09-01,10.6
477,1814-10-01,7.5
478,1814-11-01,4.0
479,1814-12-01,2.5
480,1815-01-01,-3.0
481,1815-02-01,3.6
482,1815-03-01,7.2
483,1815-04-01,10.7
484,1815-05-01,16.8
485,1815-06-01,19.5
486,1815-07-01,19.0
487,1815-08-01,18.9
488,1815-09-01,14.6
489,1815-10-01,10.7
490,1815-11-01,3.2
491,1815-12-01,-3.3
492,1816-01-01,0.7
493,1816-02-01,-0.2
494,1816-03-01,4.4
495,1816-04-01,10.6
496,1816-05-01,14.9
497,1816-06-01,18.3
498,1816-07-01,18.9
499,1816-08-01,18.8
500,1816-09-01,15.3
501,1816-10-01,9.5
502,1816-11-01,4.0
503,1816-12-01,-1.3
504,1817-01-01,2.4
505,1817-02-01,5.4
506,1817-03-01,5.4
507,1817-04-01,5.5
508,1817-05-01,16.8
509,1817-06-01,21.9
510,1817-07-01,20.7
511,1817-08-01,20.3
512,1817-09-01,17.0
513,1817-10-01,7.7
514,1817-11-01,5.9
515,1817-12-01,0.6
516,1818-01-01,1.6
517,1818-02-01,1.3
518,1818-03-01,5.5
519,1818-04-01,10.5
520,1818-05-01,12.4
521,1818-06-01,15.9
522,1818-07-01,17.0
523,1818-08-01,15.7
524,1818-09-01,13.4
525,1818-10-01,9.2
526,1818-11-01,4.2
527,1818-12-01,-1.0
528,1819-01-01,-0.1
529,1819-02-01,2.6
530,1819-03-01,5.6
531,1819-04-01,9.6
532,1819-05-01,12.2
533,1819-06-01,16.4
534,1819-07-01,17.4
535,1819-08-01,16.1
536,1819-09-01,13.7
537,1819-10-01,8.3
538,1819-11-01,4.1
539,1819-12-01,-0.9
540,1820-01-01,-3.8
541,1820-02-01,1.0
542,1820-03-01,2.8
543,1820-04-01,10.2
544,1820-05-01,14.9
545,1820-06-01,14.2
546,1820-07-01,15.8
547,1820-08-01,18.8
548,1820-09-01,12.3
549,1820-10-01,8.5
550,1820-11-01,3.1
551,1820-12-01,-1.2
552,1821-01-01,0.9
553,1821-02-01,-1.1
554,1821-03-01,3.0
555,1821-04-01,10.0
556,1821-05-01,12.0
557,1821-06-01,12.1
558,1821-07-01,15.0
559,1821-08-01,15.7
560,1821-09-01,13.5
561,1821-10-01,8.2
562,1821-11-01,5.3
563,1821-12-01,3.2
564,1822-01-01,1.6
565,1822-02-01,2.0
566,1822-03-01,7.0
567,1822-04-01,9.4
568,1822-05-01,14.1
569,1822-06-01,16.8
570,1822-07-01,17.9
571,1822-08-01,16.1
572,1822-09-01,13.3
573,1822-10-01,10.4
574,1822-11-01,3.9
575,1822-12-01,-0.3
576,1823-01-01,-5.9
577,1823-02-01,1.1
578,1823-03-01,4.4
579,1823-04-01,8.2
580,1823-05-01,13.3
581,1823-06-01,14.6
582,1823-07-01,15.5
583,1823-08-01,16.6
584,1823-09-01,13.3
585,1823-10-01,9.2
586,1823-11-01,3.7
587,1823-12-01,1.3
588,1824-01-01,0.3
589,1824-02-01,2.7
590,1824-03-01,3.5
591,1824-04-01,7.6
592,1824-05-01,12.2
593,1824-06-01,14.8
594,1824-07-01,16.5
595,1824-08-01,15.8
596,1824-09-01,14.4
597,1824-10-01,8.8
598,1824-11-01,4.9
599,1824-12-01,4.1
600,1825-01-01,1.8
601,1825-02-01,0.9
602,1825-03-01,2.0
603,1825-04-01,9.3
604,1825-05-01,12.9
605,1825-06-01,15.1
606,1825-07-01,16.1
607,1825-08-01,15.9
608,1825-09-01,12.2
609,1825-10-01,6.4
610,1825-11-01,5.1
611,1825-12-01,3.2
612,1826-01-01,-4.9
613,1826-02-01,-1.5
614,1826-03-01,4.5
615,1826-04-01,8.2
616,1826-05-01,10.6
617,1826-06-01,15.0
618,1826-07-01,18.0
619,1826-08-01,18.4
620,1826-09-01,13.5
621,1826-10-01,9.1
622,1826-11-01,3.3
623,1826-12-01,2.1
624,1827-01-01,-0.8
625,1827-02-01,-2.5
626,1827-03-01,5.1
627,1827-04-01,9.8
628,1827-05-01,14.0
629,1827-06-01,16.5
630,1827-07-01,18.3
631,1827-08-01,15.4
632,1827-09-01,12.3
633,1827-10-01,9.0
634,1827-11-01,0.2
635,1827-12-01,1.2
636,1828-01-01,-1.1
637,1828-02-01,-1.7
638,1828-03-01,4.5
639,1828-04-01,9.6
640,1828-05-01,12.6
641,1828-06-01,15.6
642,1828-07-01,17.4
643,1828-08-01,15.0
644,1828-09-01,12.3
645,1828-10-01,7.2
646,1828-11-01,4.0
647,1828-12-01,1.7
648,1829-01-01,-3.0
649,1829-02-01,-3.3
650,1829-03-01,1.8
651,1829-04-01,8.1
652,1829-05-01,10.6
653,1829-06-01,12.7
654,1829-07-01,16.4
655,1829-08-01,13.8
656,1829-09-01,12.6
657,1829-10-01,6.1
658,1829-11-01,-0.2
659,1829-12-01,-5.8
660,1830-01-01,-6.6
661,1830-02-01,-2.8
662,1830-03-01,3.1
663,1830-04-01,9.5
664,1830-05-01,12.5
665,1830-06-01,15.5
666,1830-07-01,16.9
667,1830-08-01,16.4
668,1830-09-01,11.1
669,1830-10-01,6.9
670,1830-11-01,4.1
671,1830-12-01,1.2
672,1831-01-01,-2.7
673,1831-02-01,0.8
674,1831-03-01,4.2
675,1831-04-01,10.5
676,1831-05-01,12.0
677,1831-06-01,13.4
678,1831-07-01,17.0
679,1831-08-01,15.4
680,1831-09-01,10.9
681,1831-10-01,10.2
682,1831-11-01,3.3
683,1831-12-01,-0.3
684,1832-01-01,-0.8
685,1832-02-01,1.1
686,1832-03-01,3.6
687,1832-04-01,8.0
688,1832-05-01,11.0
689,1832-06-01,13.8
690,1832-07-01,15.4
691,1832-08-01,16.6
692,1832-09-01,11.8
693,1832-10-01,8.2
694,1832-11-01,1.9
695,1832-12-01,-0.9
696,1833-01-01,-5.1
697,1833-02-01,2.8
698,1833-03-01,3.9
699,1833-04-01,6.7
700,1833-05-01,15.4
701,1833-06-01,16.5
702,1833-07-01,14.3
703,1833-08-01,13.5
704,1833-09-01,11.6
705,1833-10-01,7.5
706,1833-11-01,3.6
707,1833-12-01,4.1
708,1834-01-01,3.2
709,1834-02-01,0.5
710,1834-03-01,3.5
711,1834-04-01,6.9
712,1834-05-01,14.9
713,1834-06-01,16.9
714,1834-07-01,19.2
715,1834-08-01,17.6
716,1834-09-01,15.6
717,1834-10-01,7.9
718,1834-11-01,2.4
719,1834-12-01,1.4
720,1835-01-01,0.4
721,1835-02-01,2.0
722,1835-03-01,3.9
723,1835-04-01,7.2
724,1835-05-01,13.1
725,1835-06-01,15.1
726,1835-07-01,17.6
727,1835-08-01,16.5
728,1835-09-01,13.0
729,1835-10-01,7.6
730,1835-11-01,-0.1
731,1835-12-01,-1.6
732,1836-01-01,-1.4
733,1836-02-01,1.1
734,1836-03-01,7.3
735,1836-04-01,8.4
736,1836-05-01,9.9
737,1836-06-01,15.6
738,1836-07-01,16.2
739,1836-08-01,15.5
740,1836-09-01,12.5
741,1836-10-01,8.5
742,1836-11-01,2.6
743,1836-12-01,2.8
744,1837-01-01,-1.1
745,1837-02-01,-1.9
746,1837-03-01,1.8
747,1837-04-01,7.1
748,1837-05-01,10.2
749,1837-06-01,14.2
750,1837-07-01,13.9
751,1837-08-01,17.3
752,1837-09-01,10.7
753,1837-10-01,7.4
754,1837-11-01,2.8
755,1837-12-01,-0.7
756,1838-01-01,-6.4
757,1838-02-01,-3.7
758,1838-03-01,2.9
759,1838-04-01,5.9
760,1838-05-01,12.1
761,1838-06-01,14.5
762,1838-07-01,15.4
763,1838-08-01,14.2
764,1838-09-01,12.9
765,1838-10-01,7.1
766,1838-11-01,3.0
767,1838-12-01,-0.4
768,1839-01-01,-0.3
769,1839-02-01,1.3
770,1839-03-01,1.7
771,1839-04-01,4.6
772,1839-05-01,10.9
773,1839-06-01,16.4
774,1839-07-01,17.1
775,1839-08-01,14.4
776,1839-09-01,13.3
777,1839-10-01,9.3
778,1839-11-01,5.2
779,1839-12-01,1.0
780,1840-01-01,-1.7
781,1840-02-01,-0.4
782,1840-03-01,-0.1
783,1840-04-01,7.8
784,1840-05-01,11.3
785,1840-06-01,14.4
786,1840-07-01,15.1
787,1840-08-01,14.7
788,1840-09-01,12.7
789,1840-10-01,6.3
790,1840-11-01,5.6
791,1840-12-01,-7.6
792,1841-01-01,-0.9
793,1841-02-01,-3.4
794,1841-03-01,4.2
795,1841-04-01,9.3
796,1841-05-01,14.7
797,1841-06-01,14.4
798,1841-07-01,15.7
799,1841-08-01,15.2
800,1841-09-01,13.3
801,1841-10-01,10.4
802,1841-11-01,3.9
803,1841-12-01,2.7
804,1842-01-01,-4.3
805,1842-02-01,-4.2
806,1842-03-01,4.2
807,1842-04-01,6.4
808,1842-05-01,12.4
809,1842-06-01,15.0
810,1842-07-01,16.0
811,1842-08-01,17.7
812,1842-09-01,12.5
813,1842-10-01,5.7
814,1842-11-01,2.0
815,1842-12-01,1.5
816,1843-01-01,0.7
817,1843-02-01,4.6
818,1843-03-01,2.0
819,1843-04-01,7.6
820,1843-05-01,10.7
821,1843-06-01,12.7
822,1843-07-01,15.2
823,1843-08-01,15.6
824,1843-09-01,11.4
825,1843-10-01,7.8
826,1843-11-01,3.2
827,1843-12-01,2.9
828,1844-01-01,-1.5
829,1844-02-01,-0.5
830,1844-03-01,2.4
831,1844-04-01,8.4
832,1844-05-01,11.8
833,1844-06-01,15.3
834,1844-07-01,14.5
835,1844-08-01,13.9
836,1844-09-01,12.8
837,1844-10-01,9.3
838,1844-11-01,5.0
839,1844-12-01,-3.3
840,1845-01-01,0.6
841,1845-02-01,-2.7
842,1845-03-01,-0.6
843,1845-04-01,8.5
844,1845-05-01,10.2
845,1845-06-01,16.0
846,1845-07-01,16.7
847,1845-08-01,14.3
848,1845-09-01,11.4
849,1845-10-01,8.8
850,1845-11-01,4.4
851,1845-12-01,2.4
852,1846-01-01,0.8
853,1846-02-01,2.5
854,1846-03-01,5.4
855,1846-04-01,9.1
856,1846-05-01,12.6
857,1846-06-01,16.0
858,1846-07-01,17.6
859,1846-08-01,16.9
860,1846-09-01,13.3
861,1846-10-01,10.7
862,1846-11-01,1.9
863,1846-12-01,-1.0
864,1847-01-01,-3.0
865,1847-02-01,-0.5
866,1847-03-01,2.1
867,1847-04-01,6.4
868,1847-05-01,13.7
869,1847-06-01,12.2
870,1847-07-01,15.6
871,1847-08-01,16.0
872,1847-09-01,10.5
873,1847-10-01,6.6
874,1847-11-01,2.2
875,1847-12-01,0.3
876,1848-01-01,-6.0
877,1848-02-01,1.9
878,1848-03-01,4.5
879,1848-04-01,9.7
880,1848-05-01,11.4
881,1848-06-01,15.9
882,1848-07-01,15.8
883,1848-08-01,15.4
884,1848-09-01,12.1
885,1848-10-01,9.2
886,1848-11-01,3.3
887,1848-12-01,0.0
888,1849-01-01,-2.3
889,1849-02-01,3.0
890,1849-03-01,2.8
891,1849-04-01,6.7
892,1849-05-01,11.8
893,1849-06-01,15.4
894,1849-07-01,15.2
895,1849-08-01,13.6
896,1849-09-01,11.3
897,1849-10-01,7.6
898,1849-11-01,2.2
899,1849-12-01,-1.7
900,1850-01-01,-4.3
901,1850-02-01,2.9
902,1850-03-01,1.8
903,1850-04-01,8.2
904,1850-05-01,11.9
905,1850-06-01,14.7
906,1850-07-01,15.0
907,1850-08-01,15.8
908,1850-09-01,10.7
909,1850-10-01,7.3
910,1850-11-01,4.9
911,1850-12-01,0.5
912,1851-01-01,-0.9
913,1851-02-01,0.2
914,1851-03-01,3.8
915,1851-04-01,8.4
916,1851-05-01,9.3
917,1851-06-01,14.2
918,1851-07-01,14.7
919,1851-08-01,14.8
920,1851-09-01,10.5
921,1851-10-01,9.8
922,1851-11-01,1.5
923,1851-12-01,0.3
924,1852-01-01,0.7
925,1852-02-01,2.0
926,1852-03-01,1.1
927,1852-04-01,5.2
928,1852-05-01,11.8
929,1852-06-01,14.9
930,1852-07-01,16.8
931,1852-08-01,15.7
932,1852-09-01,15.1
933,1852-10-01,8.4
934,1852-11-01,7.2
935,1852-12-01,3.5
936,1853-01-01,1.1
937,1853-02-01,-0.3
938,1853-03-01,0.9
939,1853-04-01,6.2
940,1853-05-01,14.3
941,1853-06-01,18.0
942,1853-07-01,20.1
943,1853-08-01,19.2
944,1853-09-01,14.9
945,1853-10-01,10.7
946,1853-11-01,3.0
947,1853-12-01,-4.4
948,1854-01-01,-0.8
949,1854-02-01,0.4
950,1854-03-01,3.7
951,1854-04-01,8.9
952,1854-05-01,15.4
953,1854-06-01,16.9
954,1854-07-01,19.5
955,1854-08-01,17.7
956,1854-09-01,13.9
957,1854-10-01,9.9
958,1854-11-01,2.4
959,1854-12-01,3.3
960,1855-01-01,-2.6
961,1855-02-01,-3.4
962,1855-03-01,4.1
963,1855-04-01,8.0
964,1855-05-01,13.7
965,1855-06-01,18.6
966,1855-07-01,19.4
967,1855-08-01,19.7
968,1855-09-01,14.6
969,1855-10-01,13.1
970,1855-11-01,4.4
971,1855-12-01,-5.6
972,1856-01-01,0.2
973,1856-02-01,2.8
974,1856-03-01,1.8
975,1856-04-01,11.4
976,1856-05-01,14.7
977,1856-06-01,19.6
978,1856-07-01,17.5
979,1856-08-01,20.0
980,1856-09-01,14.0
981,1856-10-01,10.3
982,1856-11-01,1.0
983,1856-12-01,-0.7
984,1857-01-01,-1.5
985,1857-02-01,-2.8
986,1857-03-01,3.4
987,1857-04-01,9.9
988,1857-05-01,14.0
989,1857-06-01,17.8
990,1857-07-01,21.2
991,1857-08-01,20.7
992,1857-09-01,16.1
993,1857-10-01,13.3
994,1857-11-01,2.4
995,1857-12-01,1.6
996,1858-01-01,-3.3
997,1858-02-01,-6.8
998,1858-03-01,2.6
999,1858-04-01,8.9
1000,1858-05-01,13.0
1001,1858-06-01,20.2
1002,1858-07-01,19.4
1003,1858-08-01,17.8
1004,1858-09-01,17.0
1005,1858-10-01,11.6
1006,1858-11-01,-0.1
1007,1858-12-01,0.8
1008,1859-01-01,-0.5
1009,1859-02-01,3.3
1010,1859-03-01,7.7
1011,1859-04-01,10.2
1012,1859-05-01,14.7
1013,1859-06-01,18.3
1014,1859-07-01,23.0
1015,1859-08-01,21.2
1016,1859-09-01,14.4
1017,1859-10-01,11.4
1018,1859-11-01,3.2
1019,1859-12-01,-3.0
1020,1860-01-01,1.4
1021,1860-02-01,-0.3
1022,1860-03-01,2.7
1023,1860-04-01,9.1
1024,1860-05-01,15.2
1025,1860-06-01,18.2
1026,1860-07-01,17.0
1027,1860-08-01,18.6
1028,1860-09-01,15.7
1029,1860-10-01,8.6
1030,1860-11-01,2.5
1031,1860-12-01,-0.8
1032,1861-01-01,-4.2
1033,1861-02-01,3.1
1034,1861-03-01,5.4
1035,1861-04-01,7.1
1036,1861-05-01,11.6
1037,1861-06-01,18.5
1038,1861-07-01,19.5
1039,1861-08-01,20.6
1040,1861-09-01,16.2
1041,1861-10-01,10.6
1042,1861-11-01,3.9
1043,1861-12-01,
1044,1862-01-01,-2.7
1045,1862-02-01,-0.2
1046,1862-03-01,6.8
1047,1862-04-01,12.3
1048,1862-05-01,15.8
1049,1862-06-01,17.6
1050,1862-07-01,20.0
1051,1862-08-01,17.9
1052,1862-09-01,16.2
1053,1862-10-01,11.6
1054,1862-11-01,
1055,1862-12-01,
1056,1863-01-01,3.0
1057,1863-02-01,3.0
1058,1863-03-01,6.6
1059,1863-04-01,8.8
1060,1863-05-01,15.8
1061,1863-06-01,18.2
1062,1863-07-01,19.4
1063,1863-08-01,21.2
1064,1863-09-01,16.4
1065,1863-10-01,12.2
1066,1863-11-01,5.1
1067,1863-12-01,2.3
1068,1864-01-01,-6.5
1069,1864-02-01,0.0
1070,1864-03-01,5.9
1071,1864-04-01,6.5
1072,1864-05-01,12.0
1073,1864-06-01,18.1
1074,1864-07-01,17.6
1075,1864-08-01,16.4
1076,1864-09-01,15.2
1077,1864-10-01,8.5
1078,1864-11-01,3.3
1079,1864-12-01,-3.4
1080,1865-01-01,-0.1
1081,1865-02-01,-4.6
1082,1865-03-01,0.0
1083,1865-04-01,11.4
1084,1865-05-01,17.7
1085,1865-06-01,15.9
1086,1865-07-01,22.0
1087,1865-08-01,18.5
1088,1865-09-01,15.7
1089,1865-10-01,10.5
1090,1865-11-01,5.4
1091,1865-12-01,0.0
1092,1866-01-01,1.2
1093,1866-02-01,4.0
1094,1866-03-01,5.0
1095,1866-04-01,11.7
1096,1866-05-01,12.1
1097,1866-06-01,20.2
1098,1866-07-01,18.8
1099,1866-08-01,16.9
1100,1866-09-01,17.1
1101,1866-10-01,8.0
1102,1866-11-01,5.0
1103,1866-12-01,-0.3
1104,1867-01-01,-0.3
1105,1867-02-01,4.9
1106,1867-03-01,3.2
1107,1867-04-01,10.2
1108,1867-05-01,14.1
1109,1867-06-01,17.6
1110,1867-07-01,18.6
1111,1867-08-01,20.1
1112,1867-09-01,16.3
1113,1867-10-01,9.2
1114,1867-11-01,2.7
1115,1867-12-01,-1.4
1116,1868-01-01,-1.3
1117,1868-02-01,4.1
1118,1868-03-01,4.8
1119,1868-04-01,9.2
1120,1868-05-01,17.9
1121,1868-06-01,19.6
1122,1868-07-01,20.2
1123,1868-08-01,20.0
1124,1868-09-01,17.7
1125,1868-10-01,12.0
1126,1868-11-01,3.4
1127,1868-12-01,4.0
1128,1869-01-01,-2.1
1129,1869-02-01,5.5
1130,1869-03-01,3.2
1131,1869-04-01,12.0
1132,1869-05-01,17.2
1133,1869-06-01,15.9
1134,1869-07-01,21.1
1135,1869-08-01,18.0
1136,1869-09-01,16.6
1137,1869-10-01,7.7
1138,1869-11-01,4.9
1139,1869-12-01,1.4
1140,1870-01-01,-1.1
1141,1870-02-01,-4.9
1142,1870-03-01,1.7
1143,1870-04-01,8.5
1144,1870-05-01,15.9
1145,1870-06-01,17.4
1146,1870-07-01,20.3
1147,1870-08-01,17.4
1148,1870-09-01,13.6
1149,1870-10-01,9.4
1150,1870-11-01,6.0
1151,1870-12-01,-3.8
1152,1871-01-01,-4.2
1153,1871-02-01,-0.6
1154,1871-03-01,4.6
1155,1871-04-01,9.3
1156,1871-05-01,11.2
1157,1871-06-01,15.1
1158,1871-07-01,19.8
1159,1871-08-01,19.2
1160,1871-09-01,15.4
1161,1871-10-01,7.6
1162,1871-11-01,2.9
1163,1871-12-01,-6.3
1164,1872-01-01,-1.2
1165,1872-02-01,0.8
1166,1872-03-01,6.4
1167,1872-04-01,11.9
1168,1872-05-01,17.0
1169,1872-06-01,17.2
1170,1872-07-01,20.2
1171,1872-08-01,17.6
1172,1872-09-01,16.2
1173,1872-10-01,12.5
1174,1872-11-01,6.1
1175,1872-12-01,3.5
1176,1873-01-01,1.2
1177,1873-02-01,0.4
1178,1873-03-01,7.0
1179,1873-04-01,9.0
1180,1873-05-01,11.5
1181,1873-06-01,17.5
1182,1873-07-01,21.7
1183,1873-08-01,21.3
1184,1873-09-01,14.1
1185,1873-10-01,12.2
1186,1873-11-01,5.5
1187,1873-12-01,1.3
1188,1874-01-01,-0.8
1189,1874-02-01,0.3
1190,1874-03-01,4.0
1191,1874-04-01,11.6
1192,1874-05-01,10.7
1193,1874-06-01,18.3
1194,1874-07-01,22.3
1195,1874-08-01,17.9
1196,1874-09-01,17.4
1197,1874-10-01,10.2
1198,1874-11-01,1.1
1199,1874-12-01,-0.9
1200,1875-01-01,-0.2
1201,1875-02-01,-4.6
1202,1875-03-01,-0.1
1203,1875-04-01,8.7
1204,1875-05-01,15.7
1205,1875-06-01,20.5
1206,1875-07-01,19.7
1207,1875-08-01,20.3
1208,1875-09-01,14.3
1209,1875-10-01,7.7
1210,1875-11-01,3.1
1211,1875-12-01,-2.3
1212,1876-01-01,-4.9
1213,1876-02-01,-0.4
1214,1876-03-01,5.6
1215,1876-04-01,12.0
1216,1876-05-01,10.8
1217,1876-06-01,18.6
1218,1876-07-01,19.8
1219,1876-08-01,19.9
1220,1876-09-01,14.3
1221,1876-10-01,10.7
1222,1876-11-01,0.4
1223,1876-12-01,2.0
1224,1877-01-01,1.4
1225,1877-02-01,2.7
1226,1877-03-01,3.7
1227,1877-04-01,8.1
1228,1877-05-01,12.0
1229,1877-06-01,20.0
1230,1877-07-01,19.1
1231,1877-08-01,21.1
1232,1877-09-01,12.6
1233,1877-10-01,8.0
1234,1877-11-01,4.9
1235,1877-12-01,-0.2
1236,1878-01-01,-1.4
1237,1878-02-01,3.0
1238,1878-03-01,4.5
1239,1878-04-01,10.5
1240,1878-05-01,14.7
1241,1878-06-01,17.8
1242,1878-07-01,18.5
1243,1878-08-01,18.9
1244,1878-09-01,16.3
1245,1878-10-01,10.9
1246,1878-11-01,4.1
1247,1878-12-01,-1.9
1248,1879-01-01,-2.1
1249,1879-02-01,1.5
1250,1879-03-01,3.5
1251,1879-04-01,9.0
1252,1879-05-01,12.6
1253,1879-06-01,18.5
1254,1879-07-01,17.1
1255,1879-08-01,19.8
1256,1879-09-01,16.0
1257,1879-10-01,8.6
1258,1879-11-01,1.1
1259,1879-12-01,-7.4
1260,1880-01-01,-2.2
1261,1880-02-01,-1.3
1262,1880-03-01,3.6
1263,1880-04-01,11.7
1264,1880-05-01,12.8
1265,1880-06-01,17.5
1266,1880-07-01,21.1
1267,1880-08-01,17.5
1268,1880-09-01,15.5
1269,1880-10-01,9.6
1270,1880-11-01,5.2
1271,1880-12-01,4.0
1272,1881-01-01,-4.7
1273,1881-02-01,-0.4
1274,1881-03-01,4.2
1275,1881-04-01,6.9
1276,1881-05-01,13.7
1277,1881-06-01,17.3
1278,1881-07-01,21.2
1279,1881-08-01,19.4
1280,1881-09-01,13.3
1281,1881-10-01,6.5
1282,1881-11-01,3.2
1283,1881-12-01,0.7
1284,1882-01-01,0.6
1285,1882-02-01,2.2
1286,1882-03-01,9.2
1287,1882-04-01,9.7
1288,1882-05-01,15.0
1289,1882-06-01,16.2
1290,1882-07-01,19.8
1291,1882-08-01,16.7
1292,1882-09-01,15.3
1293,1882-10-01,10.6
1294,1882-11-01,5.0
1295,1882-12-01,1.5
1296,1883-01-01,-1.8
1297,1883-02-01,1.7
1298,1883-03-01,0.3
1299,1883-04-01,7.4
1300,1883-05-01,15.0
1301,1883-06-01,18.1
1302,1883-07-01,19.2
1303,1883-08-01,18.5
1304,1883-09-01,14.9
1305,1883-10-01,10.0
1306,1883-11-01,4.0
1307,1883-12-01,0.9
1308,1884-01-01,2.4
1309,1884-02-01,1.8
1310,1884-03-01,5.4
1311,1884-04-01,7.8
1312,1884-05-01,15.3
1313,1884-06-01,14.9
1314,1884-07-01,20.4
1315,1884-08-01,18.2
1316,1884-09-01,15.2
1317,1884-10-01,9.1
1318,1884-11-01,2.3
1319,1884-12-01,1.8
1320,1885-01-01,-3.8
1321,1885-02-01,1.8
1322,1885-03-01,5.1
1323,1885-04-01,12.0
1324,1885-05-01,12.5
1325,1885-06-01,19.5
1326,1885-07-01,20.2
1327,1885-08-01,17.3
1328,1885-09-01,15.2
1329,1885-10-01,9.7
1330,1885-11-01,4.3
1331,1885-12-01,-0.9
1332,1886-01-01,-1.5
1333,1886-02-01,-2.1
1334,1886-03-01,0.9
1335,1886-04-01,10.9
1336,1886-05-01,14.5
1337,1886-06-01,16.0
1338,1886-07-01,19.2
1339,1886-08-01,19.6
1340,1886-09-01,17.0
1341,1886-10-01,11.2
1342,1886-11-01,5.4
1343,1886-12-01,1.4
1344,1887-01-01,-3.6
1345,1887-02-01,-1.5
1346,1887-03-01,2.4
1347,1887-04-01,9.8
1348,1887-05-01,12.8
1349,1887-06-01,16.9
1350,1887-07-01,22.0
1351,1887-08-01,18.7
1352,1887-09-01,15.9
1353,1887-10-01,7.2
1354,1887-11-01,4.5
1355,1887-12-01,-1.1
1356,1888-01-01,-2.6
1357,1888-02-01,-3.0
1358,1888-03-01,3.6
1359,1888-04-01,8.3
1360,1888-05-01,15.4
1361,1888-06-01,17.8
1362,1888-07-01,17.8
1363,1888-08-01,18.1
1364,1888-09-01,14.8
1365,1888-10-01,8.1
1366,1888-11-01,1.9
1367,1888-12-01,0.3
1368,1889-01-01,-2.5
1369,1889-02-01,-0.7
1370,1889-03-01,1.4
1371,1889-04-01,9.5
1372,1889-05-01,17.8
1373,1889-06-01,20.1
1374,1889-07-01,19.4
1375,1889-08-01,18.0
1376,1889-09-01,12.4
1377,1889-10-01,11.0
1378,1889-11-01,3.2
1379,1889-12-01,-3.9
1380,1890-01-01,1.3
1381,1890-02-01,-2.0
1382,1890-03-01,6.2
1383,1890-04-01,9.3
1384,1890-05-01,15.7
1385,1890-06-01,16.0
1386,1890-07-01,18.7
1387,1890-08-01,20.8
1388,1890-09-01,14.2
1389,1890-10-01,8.9
1390,1890-11-01,4.0
1391,1890-12-01,-5.3
1392,1891-01-01,-6.0
1393,1891-02-01,-2.0
1394,1891-03-01,4.5
1395,1891-04-01,7.4
1396,1891-05-01,16.4
1397,1891-06-01,17.3
1398,1891-07-01,18.5
1399,1891-08-01,17.5
1400,1891-09-01,15.7
1401,1891-10-01,11.7
1402,1891-11-01,2.9
1403,1891-12-01,1.5
1404,1892-01-01,-1.0
1405,1892-02-01,1.1
1406,1892-03-01,1.9
1407,1892-04-01,10.2
1408,1892-05-01,14.2
1409,1892-06-01,17.4
1410,1892-07-01,18.7
1411,1892-08-01,21.3
1412,1892-09-01,16.1
1413,1892-10-01,9.2
1414,1892-11-01,1.8
1415,1892-12-01,-1.8
1416,1893-01-01,-7.7
1417,1893-02-01,2.5
1418,1893-03-01,5.8
1419,1893-04-01,10.0
1420,1893-05-01,13.9
1421,1893-06-01,17.4
1422,1893-07-01,19.3
1423,1893-08-01,19.2
1424,1893-09-01,15.3
1425,1893-10-01,11.0
1426,1893-11-01,2.8
1427,1893-12-01,0.6
1428,1894-01-01,-3.9
1429,1894-02-01,2.9
1430,1894-03-01,6.3
1431,1894-04-01,12.9
1432,1894-05-01,14.9
1433,1894-06-01,16.1
1434,1894-07-01,20.6
1435,1894-08-01,18.3
1436,1894-09-01,13.5
1437,1894-10-01,10.2
1438,1894-11-01,4.5
1439,1894-12-01,-0.1
1440,1895-01-01,-2.6
1441,1895-02-01,-5.1
1442,1895-03-01,2.6
1443,1895-04-01,9.3
1444,1895-05-01,13.7
1445,1895-06-01,17.4
1446,1895-07-01,20.5
1447,1895-08-01,18.3
1448,1895-09-01,16.3
1449,1895-10-01,8.9
1450,1895-11-01,5.4
1451,1895-12-01,-0.3
1452,1896-01-01,-4.5
1453,1896-02-01,0.0
1454,1896-03-01,6.2
1455,1896-04-01,7.5
1456,1896-05-01,12.7
1457,1896-06-01,18.1
1458,1896-07-01,19.7
1459,1896-08-01,16.4
1460,1896-09-01,15.0
1461,1896-10-01,11.6
1462,1896-11-01,3.2
1463,1896-12-01,0.0
1464,1897-01-01,-1.1
1465,1897-02-01,2.4
1466,1897-03-01,7.2
1467,1897-04-01,9.6
1468,1897-05-01,12.7
1469,1897-06-01,18.7
1470,1897-07-01,19.3
1471,1897-08-01,19.0
1472,1897-09-01,15.0
1473,1897-10-01,8.4
1474,1897-11-01,2.3
1475,1897-12-01,-0.3
1476,1898-01-01,0.6
1477,1898-02-01,2.5
1478,1898-03-01,5.8
1479,1898-04-01,11.0
1480,1898-05-01,14.4
1481,1898-06-01,16.8
1482,1898-07-01,17.9
1483,1898-08-01,19.6
1484,1898-09-01,15.2
1485,1898-10-01,10.5
1486,1898-11-01,6.2
1487,1898-12-01,2.6
1488,1899-01-01,2.5
1489,1899-02-01,1.0
1490,1899-03-01,4.1
1491,1899-04-01,9.9
1492,1899-05-01,13.5
1493,1899-06-01,16.8
1494,1899-07-01,19.4
1495,1899-08-01,18.4
1496,1899-09-01,14.7
1497,1899-10-01,8.2
1498,1899-11-01,6.5
1499,1899-12-01,-4.5
1500,1900-01-01,0.5
1501,1900-02-01,3.7
1502,1900-03-01,1.3
1503,1900-04-01,8.4
1504,1900-05-01,12.7
1505,1900-06-01,17.7
1506,1900-07-01,20.6
1507,1900-08-01,18.1
1508,1900-09-01,16.1
1509,1900-10-01,10.0
1510,1900-11-01,6.7
1511,1900-12-01,1.6
1512,1901-01-01,-4.4
1513,1901-02-01,-3.4
1514,1901-03-01,3.8
1515,1901-04-01,10.3
1516,1901-05-01,15.2
1517,1901-06-01,18.9
1518,1901-07-01,20.8
1519,1901-08-01,19.0
1520,1901-09-01,14.1
1521,1901-10-01,11.2
1522,1901-11-01,3.3
1523,1901-12-01,3.2
1524,1902-01-01,3.4
1525,1902-02-01,0.0
1526,1902-03-01,4.6
1527,1902-04-01,9.0
1528,1902-05-01,10.6
1529,1902-06-01,16.3
1530,1902-07-01,17.8
1531,1902-08-01,18.0
1532,1902-09-01,14.0
1533,1902-10-01,8.6
1534,1902-11-01,0.7
1535,1902-12-01,-2.9
1536,1903-01-01,-2.3
1537,1903-02-01,4.6
1538,1903-03-01,7.2
1539,1903-04-01,6.8
1540,1903-05-01,14.6
1541,1903-06-01,16.7
1542,1903-07-01,18.5
1543,1903-08-01,18.1
1544,1903-09-01,14.5
1545,1903-10-01,10.6
1546,1903-11-01,5.7
1547,1903-12-01,0.3
1548,1904-01-01,-1.9
1549,1904-02-01,2.5
1550,1904-03-01,4.5
1551,1904-04-01,10.2
1552,1904-05-01,14.1
1553,1904-06-01,17.9
1554,1904-07-01,21.6
1555,1904-08-01,19.8
1556,1904-09-01,13.3
1557,1904-10-01,9.5
1558,1904-11-01,3.5
1559,1904-12-01,1.7
1560,1905-01-01,-2.6
1561,1905-02-01,1.6
1562,1905-03-01,5.9
1563,1905-04-01,7.6
1564,1905-05-01,14.2
1565,1905-06-01,18.8
1566,1905-07-01,20.9
1567,1905-08-01,19.3
1568,1905-09-01,16.0
1569,1905-10-01,5.8
1570,1905-11-01,4.8
1571,1905-12-01,1.8
1572,1906-01-01,0.5
1573,1906-02-01,0.7
1574,1906-03-01,4.9
1575,1906-04-01,10.5
1576,1906-05-01,15.1
1577,1906-06-01,16.5
1578,1906-07-01,19.1
1579,1906-08-01,18.1
1580,1906-09-01,13.7
1581,1906-10-01,9.4
1582,1906-11-01,7.4
1583,1906-12-01,-1.3
1584,1907-01-01,-0.6
1585,1907-02-01,-0.9
1586,1907-03-01,3.3
1587,1907-04-01,7.1
1588,1907-05-01,16.0
1589,1907-06-01,18.0
1590,1907-07-01,17.5
1591,1907-08-01,18.6
1592,1907-09-01,14.8
1593,1907-10-01,13.6
1594,1907-11-01,2.8
1595,1907-12-01,2.3
1596,1908-01-01,-2.1
1597,1908-02-01,2.3
1598,1908-03-01,3.8
1599,1908-04-01,8.2
1600,1908-05-01,16.8
1601,1908-06-01,19.7
1602,1908-07-01,19.2
1603,1908-08-01,17.0
1604,1908-09-01,13.2
1605,1908-10-01,9.1
1606,1908-11-01,0.7
1607,1908-12-01,-1.4
1608,1909-01-01,-1.9
1609,1909-02-01,-2.2
1610,1909-03-01,3.1
1611,1909-04-01,10.2
1612,1909-05-01,12.6
1613,1909-06-01,16.6
1614,1909-07-01,17.6
1615,1909-08-01,18.8
1616,1909-09-01,14.9
1617,1909-10-01,11.2
1618,1909-11-01,3.5
1619,1909-12-01,1.8
1620,1910-01-01,1.0
1621,1910-02-01,3.2
1622,1910-03-01,5.4
1623,1910-04-01,8.9
1624,1910-05-01,13.6
1625,1910-06-01,17.9
1626,1910-07-01,17.7
1627,1910-08-01,17.8
1628,1910-09-01,13.0
1629,1910-10-01,9.8
1630,1910-11-01,3.7
1631,1910-12-01,3.7
1632,1911-01-01,-0.8
1633,1911-02-01,0.8
1634,1911-03-01,5.3
1635,1911-04-01,9.4
1636,1911-05-01,13.9
1637,1911-06-01,16.6
1638,1911-07-01,21.1
1639,1911-08-01,20.6
1640,1911-09-01,15.8
1641,1911-10-01,9.4
1642,1911-11-01,6.0
1643,1911-12-01,2.8
1644,1912-01-01,-2.6
1645,1912-02-01,3.0
1646,1912-03-01,7.5
1647,1912-04-01,8.2
1648,1912-05-01,13.9
1649,1912-06-01,18.0
1650,1912-07-01,18.8
1651,1912-08-01,16.5
1652,1912-09-01,10.5
1653,1912-10-01,7.2
1654,1912-11-01,2.2
1655,1912-12-01,2.9
1656,1913-01-01,-1.7
1657,1913-02-01,0.6
1658,1913-03-01,7.3
1659,1913-04-01,9.6
1660,1913-05-01,13.5
1661,1913-06-01,17.0
1662,1913-07-01,16.1
1663,1913-08-01,17.1
1664,1913-09-01,14.3
1665,1913-10-01,9.9
1666,1913-11-01,6.8
1667,1913-12-01,3.0
1668,1914-01-01,-4.4
1669,1914-02-01,-1.2
1670,1914-03-01,6.1
1671,1914-04-01,11.5
1672,1914-05-01,13.7
1673,1914-06-01,16.9
1674,1914-07-01,18.2
1675,1914-08-01,18.5
1676,1914-09-01,14.2
1677,1914-10-01,9.1
1678,1914-11-01,3.7
1679,1914-12-01,2.1
1680,1915-01-01,1.7
1681,1915-02-01,1.1
1682,1915-03-01,3.1
1683,1915-04-01,9.7
1684,1915-05-01,15.0
1685,1915-06-01,19.1
1686,1915-07-01,18.4
1687,1915-08-01,16.6
1688,1915-09-01,12.9
1689,1915-10-01,7.9
1690,1915-11-01,2.5
1691,1915-12-01,4.8
1692,1916-01-01,4.9
1693,1916-02-01,1.3
1694,1916-03-01,7.7
1695,1916-04-01,9.8
1696,1916-05-01,14.9
1697,1916-06-01,15.7
1698,1916-07-01,18.8
1699,1916-08-01,17.8
1700,1916-09-01,13.3
1701,1916-10-01,9.5
1702,1916-11-01,6.2
1703,1916-12-01,4.2
1704,1917-01-01,-1.6
1705,1917-02-01,-3.7
1706,1917-03-01,2.2
1707,1917-04-01,6.6
1708,1917-05-01,15.8
1709,1917-06-01,19.8
1710,1917-07-01,20.6
1711,1917-08-01,19.6
1712,1917-09-01,16.8
1713,1917-10-01,9.3
1714,1917-11-01,5.6
1715,1917-12-01,-1.2
1716,1918-01-01,0.1
1717,1918-02-01,1.8
1718,1918-03-01,5.6
1719,1918-04-01,12.0
1720,1918-05-01,15.4
1721,1918-06-01,15.4
1722,1918-07-01,18.3
1723,1918-08-01,17.9
1724,1918-09-01,15.1
1725,1918-10-01,9.6
1726,1918-11-01,3.3
1727,1918-12-01,3.1
1728,1919-01-01,1.6
1729,1919-02-01,0.2
1730,1919-03-01,4.9
1731,1919-04-01,7.8
1732,1919-05-01,11.3
1733,1919-06-01,16.9
1734,1919-07-01,16.9
1735,1919-08-01,18.5
1736,1919-09-01,16.5
1737,1919-10-01,8.0
1738,1919-11-01,2.6
1739,1919-12-01,1.9
1740,1920-01-01,3.0
1741,1920-02-01,3.5
1742,1920-03-01,7.4
1743,1920-04-01,12.4
1744,1920-05-01,16.0
1745,1920-06-01,16.0
1746,1920-07-01,19.3
1747,1920-08-01,16.9
1748,1920-09-01,14.8
1749,1920-10-01,7.1
1750,1920-11-01,0.0
1751,1920-12-01,1.1
1752,1921-01-01,5.0
1753,1921-02-01,1.7
1754,1921-03-01,6.6
1755,1921-04-01,8.7
1756,1921-05-01,16.1
1757,1921-06-01,16.6
1758,1921-07-01,20.7
1759,1921-08-01,19.9
1760,1921-09-01,14.9
1761,1921-10-01,11.4
1762,1921-11-01,1.7
1763,1921-12-01,0.6
1764,1922-01-01,-2.1
1765,1922-02-01,-1.8
1766,1922-03-01,5.9
1767,1922-04-01,8.1
1768,1922-05-01,15.3
1769,1922-06-01,18.3
1770,1922-07-01,18.9
1771,1922-08-01,18.0
1772,1922-09-01,12.6
1773,1922-10-01,6.8
1774,1922-11-01,3.1
1775,1922-12-01,1.4
1776,1923-01-01,1.9
1777,1923-02-01,0.9
1778,1923-03-01,5.7
1779,1923-04-01,8.1
1780,1923-05-01,15.2
1781,1923-06-01,14.2
1782,1923-07-01,20.6
1783,1923-08-01,18.5
1784,1923-09-01,14.6
1785,1923-10-01,11.6
1786,1923-11-01,5.3
1787,1923-12-01,-0.4
1788,1924-01-01,-2.4
1789,1924-02-01,-2.1
1790,1924-03-01,3.3
1791,1924-04-01,8.5
1792,1924-05-01,15.8
1793,1924-06-01,16.9
1794,1924-07-01,19.0
1795,1924-08-01,16.6
1796,1924-09-01,15.4
1797,1924-10-01,10.0
1798,1924-11-01,3.2
1799,1924-12-01,0.1
1800,1925-01-01,1.8
1801,1925-02-01,4.4
1802,1925-03-01,3.2
1803,1925-04-01,10.1
1804,1925-05-01,15.5
1805,1925-06-01,16.4
1806,1925-07-01,19.1
1807,1925-08-01,18.1
1808,1925-09-01,13.3
1809,1925-10-01,9.5
1810,1925-11-01,4.2
1811,1925-12-01,-0.1
1812,1926-01-01,-0.7
1813,1926-02-01,4.5
1814,1926-03-01,5.0
1815,1926-04-01,11.1
1816,1926-05-01,13.3
1817,1926-06-01,15.5
1818,1926-07-01,18.4
1819,1926-08-01,17.5
1820,1926-09-01,15.7
1821,1926-10-01,10.0
1822,1926-11-01,9.2
1823,1926-12-01,1.2
1824,1927-01-01,1.9
1825,1927-02-01,0.8
1826,1927-03-01,7.4
1827,1927-04-01,9.8
1828,1927-05-01,13.2
1829,1927-06-01,17.9
1830,1927-07-01,19.8
1831,1927-08-01,19.2
1832,1927-09-01,15.7
1833,1927-10-01,9.7
1834,1927-11-01,4.6
1835,1927-12-01,-3.2
1836,1928-01-01,0.9
1837,1928-02-01,2.3
1838,1928-03-01,2.8
1839,1928-04-01,10.1
1840,1928-05-01,11.7
1841,1928-06-01,16.7
1842,1928-07-01,21.8
1843,1928-08-01,19.6
1844,1928-09-01,15.0
1845,1928-10-01,10.1
1846,1928-11-01,7.6
1847,1928-12-01,-0.1
1848,1929-01-01,-4.6
1849,1929-02-01,-9.7
1850,1929-03-01,2.7
1851,1929-04-01,6.4
1852,1929-05-01,15.1
1853,1929-06-01,17.3
1854,1929-07-01,20.0
1855,1929-08-01,19.5
1856,1929-09-01,16.6
1857,1929-10-01,11.2
1858,1929-11-01,6.3
1859,1929-12-01,2.8
1860,1930-01-01,0.4
1861,1930-02-01,-0.3
1862,1930-03-01,6.5
1863,1930-04-01,10.5
1864,1930-05-01,14.1
1865,1930-06-01,20.8
1866,1930-07-01,19.4
1867,1930-08-01,18.1
1868,1930-09-01,15.7
1869,1930-10-01,10.1
1870,1930-11-01,6.9
1871,1930-12-01,0.5
1872,1931-01-01,0.6
1873,1931-02-01,-0.3
1874,1931-03-01,1.5
1875,1931-04-01,7.4
1876,1931-05-01,17.9
1877,1931-06-01,19.5
1878,1931-07-01,20.3
1879,1931-08-01,17.6
1880,1931-09-01,11.6
1881,1931-10-01,8.4
1882,1931-11-01,3.7
1883,1931-12-01,0.5
1884,1932-01-01,0.7
1885,1932-02-01,-2.8
1886,1932-03-01,1.1
1887,1932-04-01,10.0
1888,1932-05-01,15.2
1889,1932-06-01,16.9
1890,1932-07-01,21.0
1891,1932-08-01,20.7
1892,1932-09-01,18.7
1893,1932-10-01,10.6
1894,1932-11-01,4.6
1895,1932-12-01,0.0
1896,1933-01-01,-3.6
1897,1933-02-01,1.5
1898,1933-03-01,5.2
1899,1933-04-01,8.5
1900,1933-05-01,13.7
1901,1933-06-01,16.0
1902,1933-07-01,19.8
1903,1933-08-01,19.5
1904,1933-09-01,14.6
1905,1933-10-01,9.7
1906,1933-11-01,3.9
1907,1933-12-01,-4.4
1908,1934-01-01,-0.5
1909,1934-02-01,1.5
1910,1934-03-01,7.2
1911,1934-04-01,12.6
1912,1934-05-01,16.3
1913,1934-06-01,17.8
1914,1934-07-01,21.5
1915,1934-08-01,19.4
1916,1934-09-01,16.5
1917,1934-10-01,10.1
1918,1934-11-01,6.2
1919,1934-12-01,5.5
1920,1935-01-01,-2.3
1921,1935-02-01,1.6
1922,1935-03-01,3.1
1923,1935-04-01,9.3
1924,1935-05-01,12.6
1925,1935-06-01,19.7
1926,1935-07-01,20.1
1927,1935-08-01,18.6
1928,1935-09-01,15.5
1929,1935-10-01,11.3
1930,1935-11-01,5.4
1931,1935-12-01,0.8
1932,1936-01-01,2.9
1933,1936-02-01,1.6
1934,1936-03-01,6.5
1935,1936-04-01,10.0
1936,1936-05-01,15.0
1937,1936-06-01,18.0
1938,1936-07-01,20.1
1939,1936-08-01,17.7
1940,1936-09-01,14.7
1941,1936-10-01,7.0
1942,1936-11-01,4.0
1943,1936-12-01,1.3
1944,1937-01-01,-2.7
1945,1937-02-01,2.2
1946,1937-03-01,5.9
1947,1937-04-01,9.5
1948,1937-05-01,16.9
1949,1937-06-01,19.1
1950,1937-07-01,19.5
1951,1937-08-01,18.7
1952,1937-09-01,14.8
1953,1937-10-01,10.9
1954,1937-11-01,4.8
1955,1937-12-01,0.4
1956,1938-01-01,1.0
1957,1938-02-01,1.8
1958,1938-03-01,9.0
1959,1938-04-01,6.8
1960,1938-05-01,12.9
1961,1938-06-01,19.2
1962,1938-07-01,19.6
1963,1938-08-01,19.1
1964,1938-09-01,14.3
1965,1938-10-01,10.7
1966,1938-11-01,6.8
1967,1938-12-01,-1.6
1968,1939-01-01,1.3
1969,1939-02-01,3.2
1970,1939-03-01,2.5
1971,1939-04-01,12.6
1972,1939-05-01,13.0
1973,1939-06-01,18.0
1974,1939-07-01,19.7
1975,1939-08-01,19.3
1976,1939-09-01,14.6
1977,1939-10-01,8.0
1978,1939-11-01,5.5
1979,1939-12-01,-0.6
1980,1940-01-01,-8.3
1981,1940-02-01,-6.3
1982,1940-03-01,2.4
1983,1940-04-01,9.8
1984,1940-05-01,12.7
1985,1940-06-01,18.0
1986,1940-07-01,18.3
1987,1940-08-01,16.2
1988,1940-09-01,14.6
1989,1940-10-01,9.2
1990,1940-11-01,6.6
1991,1940-12-01,-2.9
1992,1941-01-01,-4.2
1993,1941-02-01,0.6
1994,1941-03-01,5.2
1995,1941-04-01,8.0
1996,1941-05-01,11.7
1997,1941-06-01,17.3
1998,1941-07-01,18.5
1999,1941-08-01,17.4
2000,1941-09-01,13.1
2001,1941-10-01,8.9
2002,1941-11-01,1.2
2003,1941-12-01,2.0
2004,1942-01-01,-9.1
2005,1942-02-01,-3.8
2006,1942-03-01,1.9
2007,1942-04-01,8.4
2008,1942-05-01,14.8
2009,1942-06-01,16.8
2010,1942-07-01,18.3
2011,1942-08-01,19.3
2012,1942-09-01,18.4
2013,1942-10-01,12.1
2014,1942-11-01,3.7
2015,1942-12-01,2.0
2016,1943-01-01,-3.6
2017,1943-02-01,3.7
2018,1943-03-01,6.5
2019,1943-04-01,11.2
2020,1943-05-01,13.7
2021,1943-06-01,16.2
2022,1943-07-01,19.3
2023,1943-08-01,20.7
2024,1943-09-01,16.4
2025,1943-10-01,11.3
2026,1943-11-01,3.9
2027,1943-12-01,0.7
2028,1944-01-01,3.7
2029,1944-02-01,-0.6
2030,1944-03-01,1.8
2031,1944-04-01,10.3
2032,1944-05-01,13.0
2033,1944-06-01,16.6
2034,1944-07-01,18.9
2035,1944-08-01,21.0
2036,1944-09-01,15.0
2037,1944-10-01,10.5
2038,1944-11-01,4.4
2039,1944-12-01,-0.4
2040,1945-01-01,-4.6
2041,1945-02-01,3.2
2042,1945-03-01,6.9
2043,1945-04-01,10.9
2044,1945-05-01,16.1
2045,1945-06-01,19.2
2046,1945-07-01,21.1
2047,1945-08-01,19.4
2048,1945-09-01,15.5
2049,1945-10-01,10.3
2050,1945-11-01,4.6
2051,1945-12-01,1.9
2052,1946-01-01,-3.4
2053,1946-02-01,3.2
2054,1946-03-01,6.1
2055,1946-04-01,13.0
2056,1946-05-01,17.3
2057,1946-06-01,18.5
2058,1946-07-01,21.3
2059,1946-08-01,19.7
2060,1946-09-01,16.8
2061,1946-10-01,7.1
2062,1946-11-01,4.1
2063,1946-12-01,-1.5
2064,1947-01-01,-5.7
2065,1947-02-01,-5.0
2066,1947-03-01,4.3
2067,1947-04-01,12.2
2068,1947-05-01,16.1
2069,1947-06-01,19.6
2070,1947-07-01,21.6
2071,1947-08-01,19.8
2072,1947-09-01,18.8
2073,1947-10-01,8.3
2074,1947-11-01,7.4
2075,1947-12-01,2.6
2076,1948-01-01,3.0
2077,1948-02-01,0.8
2078,1948-03-01,6.8
2079,1948-04-01,12.1
2080,1948-05-01,17.0
2081,1948-06-01,17.4
2082,1948-07-01,17.9
2083,1948-08-01,19.1
2084,1948-09-01,16.1
2085,1948-10-01,10.4
2086,1948-11-01,4.5
2087,1948-12-01,-1.5
2088,1949-01-01,1.7
2089,1949-02-01,2.7
2090,1949-03-01,2.9
2091,1949-04-01,12.1
2092,1949-05-01,15.1
2093,1949-06-01,16.5
2094,1949-07-01,19.7
2095,1949-08-01,18.5
2096,1949-09-01,16.5
2097,1949-10-01,10.9
2098,1949-11-01,5.6
2099,1949-12-01,3.2
2100,1950-01-01,-2.7
2101,1950-02-01,2.0
2102,1950-03-01,7.2
2103,1950-04-01,10.3
2104,1950-05-01,16.7
2105,1950-06-01,20.4
2106,1950-07-01,21.5
2107,1950-08-01,19.8
2108,1950-09-01,15.4
2109,1950-10-01,8.1
2110,1950-11-01,4.9
2111,1950-12-01,0.5
2112,1951-01-01,1.5
2113,1951-02-01,3.5
2114,1951-03-01,4.2
2115,1951-04-01,10.4
2116,1951-05-01,14.0
2117,1951-06-01,18.1
2118,1951-07-01,20.0
2119,1951-08-01,20.3
2120,1951-09-01,16.8
2121,1951-10-01,8.7
2122,1951-11-01,7.5
2123,1951-12-01,2.2
2124,1952-01-01,1.0
2125,1952-02-01,1.2
2126,1952-03-01,2.0
2127,1952-04-01,12.9
2128,1952-05-01,13.9
2129,1952-06-01,17.9
2130,1952-07-01,21.2
2131,1952-08-01,21.3
2132,1952-09-01,13.0
2133,1952-10-01,9.0
2134,1952-11-01,3.6
2135,1952-12-01,-0.7
2136,1953-01-01,-0.2
2137,1953-02-01,1.4
2138,1953-03-01,6.0
2139,1953-04-01,11.2
2140,1953-05-01,14.5
2141,1953-06-01,18.4
2142,1953-07-01,21.0
2143,1953-08-01,18.6
2144,1953-09-01,16.5
2145,1953-10-01,11.4
2146,1953-11-01,4.1
2147,1953-12-01,1.4
2148,1954-01-01,-4.2
2149,1954-02-01,-5.3
2150,1954-03-01,6.0
2151,1954-04-01,7.7
2152,1954-05-01,14.1
2153,1954-06-01,19.1
2154,1954-07-01,17.7
2155,1954-08-01,19.4
2156,1954-09-01,17.0
2157,1954-10-01,10.0
2158,1954-11-01,3.6
2159,1954-12-01,4.0
2160,1955-01-01,-1.6
2161,1955-02-01,0.0
2162,1955-03-01,2.4
2163,1955-04-01,8.2
2164,1955-05-01,13.7
2165,1955-06-01,17.0
2166,1955-07-01,19.7
2167,1955-08-01,18.2
2168,1955-09-01,15.3
2169,1955-10-01,9.9
2170,1955-11-01,4.8
2171,1955-12-01,3.8
2172,1956-01-01,0.8
2173,1956-02-01,-8.3
2174,1956-03-01,2.4
2175,1956-04-01,9.3
2176,1956-05-01,14.7
2177,1956-06-01,16.6
2178,1956-07-01,20.3
2179,1956-08-01,18.7
2180,1956-09-01,16.6
2181,1956-10-01,9.7
2182,1956-11-01,2.3
2183,1956-12-01,1.2
2184,1957-01-01,-0.9
2185,1957-02-01,4.1
2186,1957-03-01,7.4
2187,1957-04-01,10.0
2188,1957-05-01,12.4
2189,1957-06-01,20.2
2190,1957-07-01,20.5
2191,1957-08-01,17.9
2192,1957-09-01,14.0
2193,1957-10-01,9.6
2194,1957-11-01,5.9
2195,1957-12-01,1.6
2196,1958-01-01,0.2
2197,1958-02-01,3.5
2198,1958-03-01,0.5
2199,1958-04-01,7.8
2200,1958-05-01,18.1
2201,1958-06-01,17.1
2202,1958-07-01,20.2
2203,1958-08-01,19.3
2204,1958-09-01,15.7
2205,1958-10-01,10.7
2206,1958-11-01,5.7
2207,1958-12-01,2.6
2208,1959-01-01,0.5
2209,1959-02-01,0.2
2210,1959-03-01,7.7
2211,1959-04-01,11.1
2212,1959-05-01,14.7
2213,1959-06-01,17.6
2214,1959-07-01,20.4
2215,1959-08-01,18.9
2216,1959-09-01,14.1
2217,1959-10-01,9.5
2218,1959-11-01,4.9
2219,1959-12-01,3.2
2220,1960-01-01,-0.9
2221,1960-02-01,0.3
2222,1960-03-01,5.5
2223,1960-04-01,10.3
2224,1960-05-01,14.1
2225,1960-06-01,18.1
2226,1960-07-01,18.1
2227,1960-08-01,19.0
2228,1960-09-01,14.1
2229,1960-10-01,11.1
2230,1960-11-01,7.0
2231,1960-12-01,2.3
2232,1961-01-01,-2.1
2233,1961-02-01,3.9
2234,1961-03-01,8.8
2235,1961-04-01,13.3
2236,1961-05-01,13.2
2237,1961-06-01,19.1
2238,1961-07-01,18.5
2239,1961-08-01,19.5
2240,1961-09-01,17.7
2241,1961-10-01,11.6
2242,1961-11-01,4.4
2243,1961-12-01,-1.0
2244,1962-01-01,1.1
2245,1962-02-01,0.9
2246,1962-03-01,1.8
2247,1962-04-01,11.5
2248,1962-05-01,12.7
2249,1962-06-01,16.1
2250,1962-07-01,18.3
2251,1962-08-01,20.7
2252,1962-09-01,14.4
2253,1962-10-01,10.0
2254,1962-11-01,3.9
2255,1962-12-01,-3.2
2256,1963-01-01,-6.0
2257,1963-02-01,-4.4
2258,1963-03-01,3.1
2259,1963-04-01,11.2
2260,1963-05-01,14.8
2261,1963-06-01,18.7
2262,1963-07-01,21.4
2263,1963-08-01,19.6
2264,1963-09-01,16.4
2265,1963-10-01,9.9
2266,1963-11-01,7.8
2267,1963-12-01,-4.3
2268,1964-01-01,-4.7
2269,1964-02-01,0.5
2270,1964-03-01,1.2
2271,1964-04-01,11.8
2272,1964-05-01,14.9
2273,1964-06-01,20.1
2274,1964-07-01,20.9
2275,1964-08-01,18.4
2276,1964-09-01,15.9
2277,1964-10-01,9.0
2278,1964-11-01,6.5
2279,1964-12-01,-0.4
2280,1965-01-01,0.8
2281,1965-02-01,-2.0
2282,1965-03-01,4.4
2283,1965-04-01,9.2
2284,1965-05-01,13.2
2285,1965-06-01,17.8
2286,1965-07-01,18.5
2287,1965-08-01,17.3
2288,1965-09-01,15.6
2289,1965-10-01,8.5
2290,1965-11-01,2.4
2291,1965-12-01,3.0
2292,1966-01-01,-3.3
2293,1966-02-01,6.9
2294,1966-03-01,5.3
2295,1966-04-01,12.1
2296,1966-05-01,15.0
2297,1966-06-01,18.3
2298,1966-07-01,18.7
2299,1966-08-01,18.1
2300,1966-09-01,15.3
2301,1966-10-01,13.4
2302,1966-11-01,3.8
2303,1966-12-01,2.4
2304,1967-01-01,-0.3
2305,1967-02-01,3.1
2306,1967-03-01,7.2
2307,1967-04-01,9.9
2308,1967-05-01,15.0
2309,1967-06-01,17.8
2310,1967-07-01,21.6
2311,1967-08-01,19.1
2312,1967-09-01,16.1
2313,1967-10-01,11.9
2314,1967-11-01,4.5
2315,1967-12-01,1.4
2316,1968-01-01,-1.1
2317,1968-02-01,2.2
2318,1968-03-01,6.6
2319,1968-04-01,11.9
2320,1968-05-01,15.1
2321,1968-06-01,19.0
2322,1968-07-01,19.5
2323,1968-08-01,18.0
2324,1968-09-01,15.1
2325,1968-10-01,10.4
2326,1968-11-01,5.7
2327,1968-12-01,-1.9
2328,1969-01-01,-1.6
2329,1969-02-01,-0.5
2330,1969-03-01,2.6
2331,1969-04-01,10.6
2332,1969-05-01,17.5
2333,1969-06-01,17.2
2334,1969-07-01,20.3
2335,1969-08-01,18.0
2336,1969-09-01,15.9
2337,1969-10-01,11.4
2338,1969-11-01,6.9
2339,1969-12-01,-3.5
2340,1970-01-01,-2.0
2341,1970-02-01,0.4
2342,1970-03-01,3.8
2343,1970-04-01,9.4
2344,1970-05-01,13.1
2345,1970-06-01,19.0
2346,1970-07-01,19.5
2347,1970-08-01,19.1
2348,1970-09-01,15.1
2349,1970-10-01,9.2
2350,1970-11-01,7.3
2351,1970-12-01,1.0
2352,1971-01-01,-2.2
2353,1971-02-01,2.6
2354,1971-03-01,2.3
2355,1971-04-01,10.7
2356,1971-05-01,15.7
2357,1971-06-01,16.7
2358,1971-07-01,20.1
2359,1971-08-01,21.0
2360,1971-09-01,13.7
2361,1971-10-01,9.4
2362,1971-11-01,4.8
2363,1971-12-01,3.8
2364,1972-01-01,-2.2
2365,1972-02-01,2.8
2366,1972-03-01,7.4
2367,1972-04-01,9.6
2368,1972-05-01,14.3
2369,1972-06-01,18.5
2370,1972-07-01,20.0
2371,1972-08-01,18.4
2372,1972-09-01,12.8
2373,1972-10-01,7.7
2374,1972-11-01,5.3
2375,1972-12-01,0.3
2376,1973-01-01,-0.2
2377,1973-02-01,2.1
2378,1973-03-01,5.5
2379,1973-04-01,8.2
2380,1973-05-01,15.5
2381,1973-06-01,17.8
2382,1973-07-01,20.0
2383,1973-08-01,20.0
2384,1973-09-01,16.1
2385,1973-10-01,8.5
2386,1973-11-01,3.7
2387,1973-12-01,1.1
2388,1974-01-01,2.2
2389,1974-02-01,4.7
2390,1974-03-01,8.0
2391,1974-04-01,9.9
2392,1974-05-01,13.8
2393,1974-06-01,16.2
2394,1974-07-01,18.9
2395,1974-08-01,21.0
2396,1974-09-01,15.3
2397,1974-10-01,6.8
2398,1974-11-01,4.5
2399,1974-12-01,4.9
2400,1975-01-01,3.5
2401,1975-02-01,1.1
2402,1975-03-01,6.1
2403,1975-04-01,9.5
2404,1975-05-01,16.0
2405,1975-06-01,17.2
2406,1975-07-01,20.1
2407,1975-08-01,19.4
2408,1975-09-01,17.5
2409,1975-10-01,9.3
2410,1975-11-01,3.4
2411,1975-12-01,1.2
2412,1976-01-01,2.0
2413,1976-02-01,0.2
2414,1976-03-01,2.8
2415,1976-04-01,10.4
2416,1976-05-01,14.8
2417,1976-06-01,18.9
2418,1976-07-01,20.9
2419,1976-08-01,16.8
2420,1976-09-01,13.7
2421,1976-10-01,10.6
2422,1976-11-01,6.4
2423,1976-12-01,0.5
2424,1977-01-01,0.2
2425,1977-02-01,3.5
2426,1977-03-01,8.9
2427,1977-04-01,8.8
2428,1977-05-01,15.0
2429,1977-06-01,19.1
2430,1977-07-01,19.7
2431,1977-08-01,18.2
2432,1977-09-01,13.6
2433,1977-10-01,10.9
2434,1977-11-01,6.4
2435,1977-12-01,0.1
2436,1978-01-01,0.9
2437,1978-02-01,-0.6
2438,1978-03-01,6.9
2439,1978-04-01,8.8
2440,1978-05-01,13.3
2441,1978-06-01,17.3
2442,1978-07-01,18.1
2443,1978-08-01,18.1
2444,1978-09-01,14.9
2445,1978-10-01,10.5
2446,1978-11-01,2.5
2447,1978-12-01,1.1
2448,1979-01-01,-3.2
2449,1979-02-01,1.1
2450,1979-03-01,6.4
2451,1979-04-01,8.5
2452,1979-05-01,15.5
2453,1979-06-01,19.8
2454,1979-07-01,17.7
2455,1979-08-01,18.4
2456,1979-09-01,15.1
2457,1979-10-01,8.3
2458,1979-11-01,5.0
2459,1979-12-01,4.8
2460,1980-01-01,-3.1
2461,1980-02-01,2.6
2462,1980-03-01,4.2
2463,1980-04-01,7.3
2464,1980-05-01,12.5
2465,1980-06-01,17.7
2466,1980-07-01,18.5
2467,1980-08-01,19.2
2468,1980-09-01,14.7
2469,1980-10-01,9.5
2470,1980-11-01,3.4
2471,1980-12-01,1.3
2472,1981-01-01,-0.7
2473,1981-02-01,1.8
2474,1981-03-01,8.7
2475,1981-04-01,9.9
2476,1981-05-01,15.2
2477,1981-06-01,19.0
2478,1981-07-01,19.5
2479,1981-08-01,19.7
2480,1981-09-01,15.5
2481,1981-10-01,10.4
2482,1981-11-01,5.5
2483,1981-12-01,-0.2
2484,1982-01-01,-3.1
2485,1982-02-01,-1.1
2486,1982-03-01,6.3
2487,1982-04-01,8.3
2488,1982-05-01,15.4
2489,1982-06-01,19.0
2490,1982-07-01,20.6
2491,1982-08-01,20.0
2492,1982-09-01,18.0
2493,1982-10-01,10.7
2494,1982-11-01,5.4
2495,1982-12-01,2.8
2496,1983-01-01,5.2
2497,1983-02-01,-0.9
2498,1983-03-01,6.8
2499,1983-04-01,12.0
2500,1983-05-01,15.9
2501,1983-06-01,18.2
2502,1983-07-01,23.3
2503,1983-08-01,20.5
2504,1983-09-01,15.9
2505,1983-10-01,10.7
2506,1983-11-01,3.0
2507,1983-12-01,1.1
2508,1984-01-01,1.5
2509,1984-02-01,0.6
2510,1984-03-01,4.2
2511,1984-04-01,9.2
2512,1984-05-01,13.7
2513,1984-06-01,17.2
2514,1984-07-01,18.2
2515,1984-08-01,18.9
2516,1984-09-01,14.7
2517,1984-10-01,11.0
2518,1984-11-01,5.6
2519,1984-12-01,0.6
2520,1985-01-01,-5.5
2521,1985-02-01,-2.5
2522,1985-03-01,4.0
2523,1985-04-01,10.5
2524,1985-05-01,16.1
2525,1985-06-01,16.3
2526,1985-07-01,20.8
2527,1985-08-01,19.5
2528,1985-09-01,15.9
2529,1985-10-01,9.7
2530,1985-11-01,2.2
2531,1985-12-01,3.7
2532,1986-01-01,0.7
2533,1986-02-01,-4.9
2534,1986-03-01,3.7
2535,1986-04-01,11.6
2536,1986-05-01,17.2
2537,1986-06-01,18.2
2538,1986-07-01,19.6
2539,1986-08-01,20.0
2540,1986-09-01,15.0
2541,1986-10-01,10.4
2542,1986-11-01,5.4
2543,1986-12-01,0.6
2544,1987-01-01,-4.4
2545,1987-02-01,0.3
2546,1987-03-01,0.3
2547,1987-04-01,10.8
2548,1987-05-01,13.2
2549,1987-06-01,17.9
2550,1987-07-01,20.9
2551,1987-08-01,18.0
2552,1987-09-01,17.8
2553,1987-10-01,10.8
2554,1987-11-01,5.5
2555,1987-12-01,2.9
2556,1988-01-01,3.0
2557,1988-02-01,3.3
2558,1988-03-01,4.1
2559,1988-04-01,10.2
2560,1988-05-01,16.2
2561,1988-06-01,17.9
2562,1988-07-01,21.3
2563,1988-08-01,20.2
2564,1988-09-01,15.3
2565,1988-10-01,10.4
2566,1988-11-01,1.7
2567,1988-12-01,3.7
2568,1989-01-01,1.3
2569,1989-02-01,4.9
2570,1989-03-01,8.7
2571,1989-04-01,10.9
2572,1989-05-01,14.9
2573,1989-06-01,16.7
2574,1989-07-01,20.7
2575,1989-08-01,19.5
2576,1989-09-01,15.6
2577,1989-10-01,10.9
2578,1989-11-01,3.5
2579,1989-12-01,2.1
2580,1990-01-01,0.6
2581,1990-02-01,5.7
2582,1990-03-01,9.5
2583,1990-04-01,9.3
2584,1990-05-01,16.3
2585,1990-06-01,18.3
2586,1990-07-01,19.8
2587,1990-08-01,21.2
2588,1990-09-01,13.8
2589,1990-10-01,10.6
2590,1990-11-01,6.3
2591,1990-12-01,0.7
2592,1991-01-01,1.2
2593,1991-02-01,-2.1
2594,1991-03-01,7.2
2595,1991-04-01,9.3
2596,1991-05-01,12.0
2597,1991-06-01,17.7
2598,1991-07-01,21.7
2599,1991-08-01,20.3
2600,1991-09-01,16.8
2601,1991-10-01,9.2
2602,1991-11-01,5.0
2603,1991-12-01,-0.1
2604,1992-01-01,2.4
2605,1992-02-01,3.9
2606,1992-03-01,6.1
2607,1992-04-01,10.5
2608,1992-05-01,15.6
2609,1992-06-01,19.2
2610,1992-07-01,21.5
2611,1992-08-01,24.3
2612,1992-09-01,15.9
2613,1992-10-01,8.8
2614,1992-11-01,5.5
2615,1992-12-01,0.4
2616,1993-01-01,2.0
2617,1993-02-01,-1.2
2618,1993-03-01,4.3
2619,1993-04-01,10.8
2620,1993-05-01,17.5
2621,1993-06-01,18.8
2622,1993-07-01,19.3
2623,1993-08-01,19.7
2624,1993-09-01,14.8
2625,1993-10-01,10.3
2626,1993-11-01,1.5
2627,1993-12-01,2.9
2628,1994-01-01,4.3
2629,1994-02-01,1.0
2630,1994-03-01,8.5
2631,1994-04-01,10.3
2632,1994-05-01,15.1
2633,1994-06-01,19.2
2634,1994-07-01,23.2
2635,1994-08-01,21.3
2636,1994-09-01,17.2
2637,1994-10-01,8.2
2638,1994-11-01,7.1
2639,1994-12-01,2.4
2640,1995-01-01,0.3
2641,1995-02-01,5.8
2642,1995-03-01,4.7
2643,1995-04-01,10.8
2644,1995-05-01,14.9
2645,1995-06-01,17.4
2646,1995-07-01,22.9
2647,1995-08-01,19.6
2648,1995-09-01,14.1
2649,1995-10-01,11.3
2650,1995-11-01,2.5
2651,1995-12-01,-0.2
2652,1996-01-01,-2.7
2653,1996-02-01,-2.6
2654,1996-03-01,2.0
2655,1996-04-01,9.9
2656,1996-05-01,15.6
2657,1996-06-01,19.1
2658,1996-07-01,18.6
2659,1996-08-01,18.8
2660,1996-09-01,12.3
2661,1996-10-01,11.0
2662,1996-11-01,6.9
2663,1996-12-01,-2.3
2664,1997-01-01,-2.4
2665,1997-02-01,3.8
2666,1997-03-01,5.7
2667,1997-04-01,7.8
2668,1997-05-01,15.9
2669,1997-06-01,18.7
2670,1997-07-01,19.2
2671,1997-08-01,20.2
2672,1997-09-01,15.4
2673,1997-10-01,8.1
2674,1997-11-01,5.4
2675,1997-12-01,2.6
2676,1998-01-01,2.2
2677,1998-02-01,6.1
2678,1998-03-01,5.3
2679,1998-04-01,11.8
2680,1998-05-01,15.7
2681,1998-06-01,19.8
2682,1998-07-01,20.3
2683,1998-08-01,20.5
2684,1998-09-01,14.5
2685,1998-10-01,10.7
2686,1998-11-01,2.7
2687,1998-12-01,-0.7
2688,1999-01-01,0.7
2689,1999-02-01,1.0
2690,1999-03-01,7.1
2691,1999-04-01,11.7
2692,1999-05-01,15.8
2693,1999-06-01,18.1
2694,1999-07-01,21.1
2695,1999-08-01,19.1
2696,1999-09-01,17.5
2697,1999-10-01,10.7
2698,1999-11-01,3.5
2699,1999-12-01,1.6
2700,2000-01-01,-0.7
2701,2000-02-01,4.9
2702,2000-03-01,6.4
2703,2000-04-01,13.6
2704,2000-05-01,17.4
2705,2000-06-01,20.3
2706,2000-07-01,18.9
2707,2000-08-01,21.5
2708,2000-09-01,15.2
2709,2000-10-01,12.7
2710,2000-11-01,7.6
2711,2000-12-01,2.5
2712,2001-01-01,0.5
2713,2001-02-01,3.1
2714,2001-03-01,7.1
2715,2001-04-01,9.8
2716,2001-05-01,17.2
2717,2001-06-01,17.4
2718,2001-07-01,20.9
2719,2001-08-01,21.6
2720,2001-09-01,13.6
2721,2001-10-01,13.1
2722,2001-11-01,4.2
2723,2001-12-01,-1.6
2724,2002-01-01,1.4
2725,2002-02-01,6.1
2726,2002-03-01,7.2
2727,2002-04-01,10.2
2728,2002-05-01,17.6
2729,2002-06-01,20.5
2730,2002-07-01,21.7
2731,2002-08-01,20.4
2732,2002-09-01,14.6
2733,2002-10-01,9.1
2734,2002-11-01,7.5
2735,2002-12-01,-0.5
2736,2003-01-01,-0.4
2737,2003-02-01,-1.7
2738,2003-03-01,6.4
2739,2003-04-01,10.1
2740,2003-05-01,17.8
2741,2003-06-01,22.5
2742,2003-07-01,21.7
2743,2003-08-01,23.5
2744,2003-09-01,15.8
2745,2003-10-01,7.9
2746,2003-11-01,6.7
2747,2003-12-01,1.1
2748,2004-01-01,-1.5
2749,2004-02-01,3.2
2750,2004-03-01,4.5
2751,2004-04-01,11.5
2752,2004-05-01,14.3
2753,2004-06-01,18.1
2754,2004-07-01,20.2
2755,2004-08-01,20.7
2756,2004-09-01,15.5
2757,2004-10-01,11.3
2758,2004-11-01,6.2
2759,2004-12-01,1.4
2760,2005-01-01,1.8
2761,2005-02-01,-1.0
2762,2005-03-01,4.0
2763,2005-04-01,11.3
2764,2005-05-01,15.9
2765,2005-06-01,19.2
2766,2005-07-01,20.8
2767,2005-08-01,18.7
2768,2005-09-01,16.5
2769,2005-10-01,10.7
2770,2005-11-01,4.2
2771,2005-12-01,0.5
2772,2006-01-01,-3.4
2773,2006-02-01,-0.6
2774,2006-03-01,3.5
2775,2006-04-01,11.7
2776,2006-05-01,14.9
2777,2006-06-01,19.4
2778,2006-07-01,23.9
2779,2006-08-01,17.7
2780,2006-09-01,17.5
2781,2006-10-01,12.3
2782,2006-11-01,7.8
2783,2006-12-01,3.5
2784,2007-01-01,6.0
2785,2007-02-01,5.2
2786,2007-03-01,7.7
2787,2007-04-01,13.2
2788,2007-05-01,16.8
2789,2007-06-01,21.1
2790,2007-07-01,22.1
2791,2007-08-01,20.5
2792,2007-09-01,13.6
2793,2007-10-01,9.1
2794,2007-11-01,3.7
2795,2007-12-01,0.8
2796,2008-01-01,3.3
2797,2008-02-01,4.4
2798,2008-03-01,6.4
2799,2008-04-01,11.0
2800,2008-05-01,16.2
2801,2008-06-01,20.4
2802,2008-07-01,20.5
2803,2008-08-01,20.1
2804,2008-09-01,14.5
2805,2008-10-01,10.6
2806,2008-11-01,7.2
2807,2008-12-01,2.5
2808,2009-01-01,-1.6
2809,2009-02-01,1.2
2810,2009-03-01,5.8
2811,2009-04-01,14.3
2812,2009-05-01,16.3
2813,2009-06-01,18.2
2814,2009-07-01,21.4
2815,2009-08-01,21.1
2816,2009-09-01,17.2
2817,2009-10-01,9.9
2818,2009-11-01,6.8
2819,2009-12-01,1.4
2820,2010-01-01,-1.9
2821,2010-02-01,0.9
2822,2010-03-01,6.0
2823,2010-04-01,10.8
2824,2010-05-01,14.7
2825,2010-06-01,19.2
2826,2010-07-01,22.3
2827,2010-08-01,19.5
2828,2010-09-01,14.2
2829,2010-10-01,7.8
2830,2010-11-01,7.5
2831,2010-12-01,-2.2
2832,2011-01-01,1.1
2833,2011-02-01,0.7
2834,2011-03-01,6.4
2835,2011-04-01,13.0
2836,2011-05-01,16.0
2837,2011-06-01,19.8
2838,2011-07-01,19.4
2839,2011-08-01,21.1
2840,2011-09-01,17.7
2841,2011-10-01,10.0
2842,2011-11-01,3.5
2843,2011-12-01,3.9
2844,2012-01-01,2.6
2845,2012-02-01,-2.2
2846,2012-03-01,8.5
2847,2012-04-01,11.0
2848,2012-05-01,17.1
2849,2012-06-01,20.6
2850,2012-07-01,21.6
2851,2012-08-01,21.7
2852,2012-09-01,16.7
2853,2012-10-01,10.1
2854,2012-11-01,6.9
2855,2012-12-01,0.8
2856,2013-01-01,0.7
2857,2013-02-01,1.3
2858,2013-03-01,3.0
2859,2013-04-01,11.7
2860,2013-05-01,15.0
2861,2013-06-01,18.7
2862,2013-07-01,22.9
2863,2013-08-01,21.3
2864,2013-09-01,15.2
2865,2013-10-01,11.0
2866,2013-11-01,6.3
2867,2013-12-01,3.2
2868,2014-01-01,2.2
2869,2014-02-01,4.1
2870,2014-03-01,9.2
2871,2014-04-01,12.6
2872,2014-05-01,14.9
2873,2014-06-01,19.6
2874,2014-07-01,21.9
2875,2014-08-01,19.0
2876,2014-09-01,15.9
2877,2014-10-01,12.2
2878,2014-11-01,8.1
2879,2014-12-01,3.9
2880,2015-01-01,3.0
2881,2015-02-01,2.3
2882,2015-03-01,6.6
2883,2015-04-01,11.2
2884,2015-05-01,15.4
2885,2015-06-01,20.0
2886,2015-07-01,24.1
2887,2015-08-01,23.6
2888,2015-09-01,16.1
2889,2015-10-01,9.9
2890,2015-11-01,8.5
2891,2015-12-01,4.1
2892,2016-01-01,0.8
2893,2016-02-01,6.4
2894,2016-03-01,6.6
2895,2016-04-01,11.2
2896,2016-05-01,15.7
2897,2016-06-01,20.4
2898,2016-07-01,22.2
2899,2016-08-01,20.3
2900,2016-09-01,18.4
2901,2016-10-01,9.8
2902,2016-11-01,4.9
2903,2016-12-01,1.4
2904,2017-01-01,-3.4
2905,2017-02-01,3.1
2906,2017-03-01,9.4
2907,2017-04-01,10.1
2908,2017-05-01,16.7
2909,2017-06-01,22.2
2910,2017-07-01,22.2
2911,2017-08-01,22.6
2912,2017-09-01,14.9
2913,2017-10-01,12.1
2914,2017-11-01,6.2
2915,2017-12-01,3.0
2916,2018-01-01,4.2
2917,2018-02-01,-0.7
2918,2018-03-01,3.5
2919,2018-04-01,15.8
2920,2018-05-01,18.7
2921,2018-06-01,21.3
2922,2018-07-01,22.7
2923,2018-08-01,23.4
2924,2018-09-01,17.4
2925,2018-10-01,13.0
2926,2018-11-01,6.6
2927,2018-12-01,3.0
2928,2019-01-01,0.9
2929,2019-02-01,4.9
2930,2019-03-01,8.8
2931,2019-04-01,12.0
2932,2019-05-01,13.2
2933,2019-06-01,23.8
2934,2019-07-01,22.5
2935,2019-08-01,22.6
2936,2019-09-01,16.7
2937,2019-10-01,12.0
2938,2019-11-01,7.9
2939,2019-12-01,3.6
2940,2020-01-01,1.4
2941,2020-02-01,6.6
2942,2020-03-01,7.3
2943,2020-04-01,12.5
2944,2020-05-01,14.5
2945,2020-06-01,19.0
2946,2020-07-01,21.6
2947,2020-08-01,21.9
2948,2020-09-01,16.9
2949,2020-10-01,11.2
2950,2020-11-01,6.1
2951,2020-12-01,3.3
2952,2021-01-01,1.6
2953,2021-02-01,2.5
2954,2021-03-01,5.7
2955,2021-04-01,9.0
2956,2021-05-01,13.8
2957,2021-06-01,22.3
2958,2021-07-01,22.8
2959,2021-08-01,19.5
2960,2021-09-01,16.9
2961,2021-10-01,10.4
2962,2021-11-01,5.8
2963,2021-12-01,3.1
2964,2022-01-01,3.2
2965,2022-02-01,6.1
2966,2022-03-01,6.0
2967,2022-04-01,9.8
2968,2022-05-01,17.6
2969,2022-06-01,21.9
2970,2022-07-01,22.7
2971,2022-08-01,22.6
2972,2022-09-01,15.3
2973,2022-10-01,12.7
2974,2022-11-01,6.6
2975,2022-12-01,2.2
2976,2023-01-01,4.1
2977,2023-02-01,4.3
2978,2023-03-01,7.9
2979,2023-04-01,9.1
2980,2023-05-01,15.3
2981,2023-06-01,20.0
2982,2023-07-01,23.5
2983,2023-08-01,21.5
2984,2023-09-01,19.4
2985,2023-10-01,14.2
2986,2023-11-01,6.8
2987,2023-12-01,4.3
2988,2024-01-01,2.1
2989,2024-02-01,8.8
2990,2024-03-01,9.8
2991,2024-04-01,13.0
2992,2024-05-01,17.0
2993,2024-06-01,21.1
2994,2024-07-01,24.0
2995,2024-08-01,24.1
2996,2024-09-01,17.0
