Index,Date,Mean temperature [Â°C],Mean wind speed [m/s],Mean precipitation [mm/day],Sunshine [h/day],Fresh snow [cm/day]
0,1775-01-01,-2.6,,,,
1,1775-02-01,2.3,,,,
2,1775-03-01,4.7,,,,
3,1775-04-01,6.2,,,,
4,1775-05-01,10.2,,,,
5,1775-06-01,16.4,,,,
6,1775-07-01,16.5,,,,
7,1775-08-01,17.4,,,,
8,1775-09-01,13.7,,,,
9,1775-10-01,8.4,,,,
10,1775-11-01,3.9,,,,
11,1775-12-01,-0.8,,,,
12,1776-01-01,-6.2,,,,
13,1776-02-01,0.6,,,,
14,1776-03-01,3.7,,,,
15,1776-04-01,7.2,,,,
16,1776-05-01,10.5,,,,
17,1776-06-01,14.8,,,,
18,1776-07-01,16.5,,,,
19,1776-08-01,16.5,,,,
20,1776-09-01,11.9,,,,
21,1776-10-01,6.3,,,,
22,1776-11-01,2.1,,,,
23,1776-12-01,-2.1,,,,
24,1777-01-01,-2.8,,,,
25,1777-02-01,-0.9,,,,
26,1777-03-01,4.0,,,,
27,1777-04-01,,,,,
28,1777-05-01,12.6,,,,
29,1777-06-01,15.0,,,,
30,1777-07-01,15.6,,,,
31,1777-08-01,16.7,,,,
32,1777-09-01,11.8,,,,
33,1777-10-01,7.4,,,,
34,1777-11-01,3.8,,,,
35,1777-12-01,-0.6,,,,
36,1778-01-01,0.6,,,,
37,1778-02-01,-0.7,,,,
38,1778-03-01,4.0,,,,
39,1778-04-01,10.0,,,,
40,1778-05-01,12.7,,,,
41,1778-06-01,14.6,,,,
42,1778-07-01,17.9,,,,
43,1778-08-01,17.1,,,,
44,1778-09-01,12.0,,,,
45,1778-10-01,7.8,,,,
46,1778-11-01,4.5,,,,
47,1778-12-01,3.9,,,,
48,1779-01-01,-3.0,,,,
49,1779-02-01,3.9,,,,
50,1779-03-01,6.1,,,,
51,1779-04-01,11.2,,,,
52,1779-05-01,14.0,,,,
53,1779-06-01,14.0,,,,
54,1779-07-01,15.3,,,,
55,1779-08-01,15.8,,,,
56,1779-09-01,13.4,,,,
57,1779-10-01,9.3,,,,
58,1779-11-01,4.1,,,,
59,1779-12-01,3.4,,,,
60,1780-01-01,-3.0,,,,
61,1780-02-01,-2.3,,,,
62,1780-03-01,6.1,,,,
63,1780-04-01,6.8,,,,
64,1780-05-01,12.7,,,,
65,1780-06-01,14.4,,,,
66,1780-07-01,15.9,,,,
67,1780-08-01,15.7,,,,
68,1780-09-01,11.6,,,,
69,1780-10-01,8.9,,,,
70,1780-11-01,3.8,,,,
71,1780-12-01,-1.4,,,,
72,1781-01-01,-2.1,,,,
73,1781-02-01,0.7,,,,
74,1781-03-01,4.4,,,,
75,1781-04-01,9.1,,,,
76,1781-05-01,12.9,,,,
77,1781-06-01,16.6,,,,
78,1781-07-01,16.6,,,,
79,1781-08-01,18.3,,,,
80,1781-09-01,14.3,,,,
81,1781-10-01,7.8,,,,
82,1781-11-01,5.5,,,,
83,1781-12-01,0.8,,,,
84,1782-01-01,1.5,,,,
85,1782-02-01,-2.0,,,,
86,1782-03-01,4.3,,,,
87,1782-04-01,8.1,,,,
88,1782-05-01,13.2,,,,
89,1782-06-01,16.8,,,,
90,1782-07-01,19.1,,,,
91,1782-08-01,17.0,,,,
92,1782-09-01,13.5,,,,
93,1782-10-01,7.4,,,,
94,1782-11-01,2.2,,,,
95,1782-12-01,1.1,,,,
96,1783-01-01,2.1,,,,
97,1783-02-01,4.5,,,,
98,1783-03-01,3.8,,,,
99,1783-04-01,9.2,,,,
100,1783-05-01,14.4,,,,
101,1783-06-01,17.0,,,,
102,1783-07-01,18.2,,,,
103,1783-08-01,17.8,,,,
104,1783-09-01,14.9,,,,
105,1783-10-01,9.9,,,,
106,1783-11-01,4.2,,,,
107,1783-12-01,-2.3,,,,
108,1784-01-01,-4.8,,,,
109,1784-02-01,-1.1,,,,
110,1784-03-01,3.2,,,,
111,1784-04-01,6.9,,,,
112,1784-05-01,14.5,,,,
113,1784-06-01,16.1,,,,
114,1784-07-01,17.1,,,,
115,1784-08-01,21.0,,,,
116,1784-09-01,14.7,,,,
117,1784-10-01,5.7,,,,
118,1784-11-01,4.0,,,,
119,1784-12-01,0.1,,,,
120,1785-01-01,-1.8,,,,
121,1785-02-01,-0.6,,,,
122,1785-03-01,-1.8,,,,
123,1785-04-01,5.3,,,,
124,1785-05-01,12.2,,,,
125,1785-06-01,13.9,,,,
126,1785-07-01,15.9,,,,
127,1785-08-01,15.3,,,,
128,1785-09-01,14.9,,,,
129,1785-10-01,7.7,,,,
130,1785-11-01,4.1,,,,
131,1785-12-01,0.5,,,,
132,1786-01-01,-0.5,,,,
133,1786-02-01,0.7,,,,
134,1786-03-01,3.5,,,,
135,1786-04-01,9.5,,,,
136,1786-05-01,11.4,,,,
137,1786-06-01,15.8,,,,
138,1786-07-01,15.1,,,,
139,1786-08-01,14.5,,,,
140,1786-09-01,12.0,,,,
141,1786-10-01,6.1,,,,
142,1786-11-01,1.5,,,,
143,1786-12-01,0.5,,,,
144,1787-01-01,-1.8,,,,
145,1787-02-01,2.4,,,,
146,1787-03-01,4.3,,,,
147,1787-04-01,7.0,,,,
148,1787-05-01,10.7,,,,
149,1787-06-01,16.1,,,,
150,1787-07-01,16.2,,,,
151,1787-08-01,16.6,,,,
152,1787-09-01,12.1,,,,
153,1787-10-01,9.3,,,,
154,1787-11-01,4.5,,,,
155,1787-12-01,3.2,,,,
156,1788-01-01,0.9,,,,
157,1788-02-01,0.9,,,,
158,1788-03-01,4.7,,,,
159,1788-04-01,8.4,,,,
160,1788-05-01,12.6,,,,
161,1788-06-01,16.6,,,,
162,1788-07-01,19.0,,,,
163,1788-08-01,14.9,,,,
164,1788-09-01,14.0,,,,
165,1788-10-01,8.0,,,,
166,1788-11-01,2.4,,,,
167,1788-12-01,-6.3,,,,
168,1789-01-01,-1.7,,,,
169,1789-02-01,2.6,,,,
170,1789-03-01,1.2,,,,
171,1789-04-01,9.6,,,,
172,1789-05-01,15.1,,,,
173,1789-06-01,14.8,,,,
174,1789-07-01,17.1,,,,
175,1789-08-01,15.9,,,,
176,1789-09-01,13.3,,,,
177,1789-10-01,9.1,,,,
178,1789-11-01,4.3,,,,
179,1789-12-01,0.6,,,,
180,1790-01-01,-0.4,,,,
181,1790-02-01,3.2,,,,
182,1790-03-01,4.0,,,,
183,1790-04-01,7.4,,,,
184,1790-05-01,14.2,,,,
185,1790-06-01,17.0,,,,
186,1790-07-01,15.7,,,,
187,1790-08-01,16.8,,,,
188,1790-09-01,12.2,,,,
189,1790-10-01,7.6,,,,
190,1790-11-01,3.2,,,,
191,1790-12-01,2.4,,,,
192,1791-01-01,3.0,,,,
193,1791-02-01,1.6,,,,
194,1791-03-01,5.3,,,,
195,1791-04-01,9.7,,,,
196,1791-05-01,12.6,,,,
197,1791-06-01,14.9,,,,
198,1791-07-01,16.5,,,,
199,1791-08-01,17.7,,,,
200,1791-09-01,12.2,,,,
201,1791-10-01,8.0,,,,
202,1791-11-01,3.2,,,,
203,1791-12-01,1.3,,,,
204,1792-01-01,-0.7,,,,
205,1792-02-01,-0.6,,,,
206,1792-03-01,4.2,,,,
207,1792-04-01,8.8,,,,
208,1792-05-01,12.1,,,,
209,1792-06-01,16.0,,,,
210,1792-07-01,17.1,,,,
211,1792-08-01,16.8,,,,
212,1792-09-01,12.1,,,,
213,1792-10-01,7.3,,,,
214,1792-11-01,3.3,,,,
215,1792-12-01,1.1,,,,
216,1793-01-01,-2.4,,,,
217,1793-02-01,1.8,,,,
218,1793-03-01,2.8,,,,
219,1793-04-01,6.2,,,,
220,1793-05-01,12.3,,,,
221,1793-06-01,14.2,,,,
222,1793-07-01,18.0,,,,
223,1793-08-01,17.1,,,,
224,1793-09-01,12.9,,,,
225,1793-10-01,9.5,,,,
226,1793-11-01,4.3,,,,
227,1793-12-01,2.4,,,,
228,1794-01-01,1.0,,,,
229,1794-02-01,3.5,,,,
230,1794-03-01,5.7,,,,
231,1794-04-01,12.1,,,,
232,1794-05-01,14.4,,,,
233,1794-06-01,17.0,,,,
234,1794-07-01,19.7,,,,
235,1794-08-01,15.8,,,,
236,1794-09-01,11.7,,,,
237,1794-10-01,8.3,,,,
238,1794-11-01,4.0,,,,
239,1794-12-01,-0.6,,,,
240,1795-01-01,-6.0,,,,
241,1795-02-01,,,,,
242,1795-03-01,4.1,,,,
243,1795-04-01,10.2,,,,
244,1795-05-01,13.0,,,,
245,1795-06-01,16.5,,,,
246,1795-07-01,15.1,,,,
247,1795-08-01,16.8,,,,
248,1795-09-01,12.8,,,,
249,1795-10-01,11.1,,,,
250,1795-11-01,2.6,,,,
251,1795-12-01,2.7,,,,
252,1796-01-01,4.1,,,,
253,1796-02-01,1.8,,,,
254,1796-03-01,0.9,,,,
255,1796-04-01,6.8,,,,
256,1796-05-01,13.3,,,,
257,1796-06-01,15.3,,,,
258,1796-07-01,17.0,,,,
259,1796-08-01,17.1,,,,
260,1796-09-01,15.1,,,,
261,1796-10-01,9.0,,,,
262,1796-11-01,6.2,,,,
263,1796-12-01,-1.1,,,,
264,1797-01-01,0.3,,,,
265,1797-02-01,1.7,,,,
266,1797-03-01,3.0,,,,
267,1797-04-01,10.5,,,,
268,1797-05-01,15.8,,,,
269,1797-06-01,16.0,,,,
270,1797-07-01,23.4,,,,
271,1797-08-01,18.0,,,,
272,1797-09-01,15.1,,,,
273,1797-10-01,9.8,,,,
274,1797-11-01,4.3,,,,
275,1797-12-01,1.5,,,,
276,1798-01-01,0.8,,,,
277,1798-02-01,3.4,,,,
278,1798-03-01,5.0,,,,
279,1798-04-01,9.1,,,,
280,1798-05-01,13.4,,,,
281,1798-06-01,16.0,,,,
282,1798-07-01,17.0,,,,
283,1798-08-01,17.1,,,,
284,1798-09-01,14.7,,,,
285,1798-10-01,8.0,,,,
286,1798-11-01,5.4,,,,
287,1798-12-01,0.5,,,,
288,1799-01-01,-1.4,,,,
289,1799-02-01,1.8,,,,
290,1799-03-01,2.8,,,,
291,1799-04-01,8.0,,,,
292,1799-05-01,12.6,,,,
293,1799-06-01,14.2,,,,
294,1799-07-01,16.4,,,,
295,1799-08-01,17.0,,,,
296,1799-09-01,12.7,,,,
297,1799-10-01,8.6,,,,
298,1799-11-01,4.1,,,,
299,1799-12-01,-2.6,,,,
300,1800-01-01,-0.5,,,,
301,1800-02-01,0.3,,,,
302,1800-03-01,0.0,,,,
303,1800-04-01,13.9,,,,
304,1800-05-01,14.8,,,,
305,1800-06-01,13.7,,,,
306,1800-07-01,16.3,,,,
307,1800-08-01,17.6,,,,
308,1800-09-01,13.3,,,,
309,1800-10-01,7.9,,,,
310,1800-11-01,5.4,,,,
311,1800-12-01,0.6,,,,
312,1801-01-01,0.6,,,,
313,1801-02-01,0.5,,,,
314,1801-03-01,6.1,,,,
315,1801-04-01,9.2,,,,
316,1801-05-01,14.7,,,,
317,1801-06-01,14.5,,,,
318,1801-07-01,16.7,,,,
319,1801-08-01,15.2,,,,
320,1801-09-01,14.4,,,,
321,1801-10-01,10.4,,,,
322,1801-11-01,5.3,,,,
323,1801-12-01,1.2,,,,
324,1802-01-01,-1.7,,,,
325,1802-02-01,-0.7,,,,
326,1802-03-01,4.5,,,,
327,1802-04-01,9.1,,,,
328,1802-05-01,11.8,,,,
329,1802-06-01,16.6,,,,
330,1802-07-01,17.8,,,,
331,1802-08-01,18.1,,,,
332,1802-09-01,13.4,,,,
333,1802-10-01,11.5,,,,
334,1802-11-01,5.5,,,,
335,1802-12-01,1.8,,,,
336,1803-01-01,-4.0,,,,
337,1803-02-01,-3.2,,,,
338,1803-03-01,3.2,,,,
339,1803-04-01,10.8,,,,
340,1803-05-01,11.4,,,,
341,1803-06-01,14.6,,,,
342,1803-07-01,17.1,,,,
343,1803-08-01,16.8,,,,
344,1803-09-01,11.0,,,,
345,1803-10-01,7.9,,,,
346,1803-11-01,4.9,,,,
347,1803-12-01,0.6,,,,
348,1804-01-01,2.1,,,,
349,1804-02-01,-0.1,,,,
350,1804-03-01,1.2,,,,
351,1804-04-01,8.4,,,,
352,1804-05-01,13.2,,,,
353,1804-06-01,15.6,,,,
354,1804-07-01,16.8,,,,
355,1804-08-01,15.7,,,,
356,1804-09-01,13.9,,,,
357,1804-10-01,8.9,,,,
358,1804-11-01,1.1,,,,
359,1804-12-01,-2.1,,,,
360,1805-01-01,-1.8,,,,
361,1805-02-01,-0.1,,,,
362,1805-03-01,2.3,,,,
363,1805-04-01,6.3,,,,
364,1805-05-01,11.4,,,,
365,1805-06-01,14.5,,,,
366,1805-07-01,15.5,,,,
367,1805-08-01,14.9,,,,
368,1805-09-01,13.1,,,,
369,1805-10-01,5.5,,,,
370,1805-11-01,1.4,,,,
371,1805-12-01,0.6,,,,
372,1806-01-01,2.7,,,,
373,1806-02-01,2.7,,,,
374,1806-03-01,4.7,,,,
375,1806-04-01,6.8,,,,
376,1806-05-01,14.8,,,,
377,1806-06-01,15.4,,,,
378,1806-07-01,16.2,,,,
379,1806-08-01,15.9,,,,
380,1806-09-01,13.6,,,,
381,1806-10-01,7.5,,,,
382,1806-11-01,5.2,,,,
383,1806-12-01,3.8,,,,
384,1807-01-01,-0.3,,,,
385,1807-02-01,2.5,,,,
386,1807-03-01,2.1,,,,
387,1807-04-01,7.2,,,,
388,1807-05-01,14.3,,,,
389,1807-06-01,15.0,,,,
390,1807-07-01,18.1,,,,
391,1807-08-01,21.1,,,,
392,1807-09-01,13.2,,,,
393,1807-10-01,9.7,,,,
394,1807-11-01,5.5,,,,
395,1807-12-01,0.5,,,,
396,1808-01-01,0.0,,,,
397,1808-02-01,-0.1,,,,
398,1808-03-01,-1.3,,,,
399,1808-04-01,7.3,,,,
400,1808-05-01,14.5,,,,
401,1808-06-01,15.4,,,,
402,1808-07-01,18.1,,,,
403,1808-08-01,18.2,,,,
404,1808-09-01,14.2,,,,
405,1808-10-01,7.3,,,,
406,1808-11-01,3.3,,,,
407,1808-12-01,-3.3,,,,
408,1809-01-01,-1.2,,,,
409,1809-02-01,2.1,,,,
410,1809-03-01,2.6,,,,
411,1809-04-01,5.9,,,,
412,1809-05-01,13.8,,,,
413,1809-06-01,15.6,,,,
414,1809-07-01,17.0,,,,
415,1809-08-01,16.8,,,,
416,1809-09-01,13.2,,,,
417,1809-10-01,7.0,,,,
418,1809-11-01,2.0,,,,
419,1809-12-01,2.1,,,,
420,1810-01-01,-2.0,,,,
421,1810-02-01,-0.6,,,,
422,1810-03-01,4.7,,,,
423,1810-04-01,7.7,,,,
424,1810-05-01,13.4,,,,
425,1810-06-01,13.7,,,,
426,1810-07-01,16.9,,,,
427,1810-08-01,16.6,,,,
428,1810-09-01,15.2,,,,
429,1810-10-01,8.1,,,,
430,1810-11-01,3.6,,,,
431,1810-12-01,2.4,,,,
432,1811-01-01,-4.8,,,,
433,1811-02-01,-0.4,,,,
434,1811-03-01,5.7,,,,
435,1811-04-01,9.2,,,,
436,1811-05-01,16.0,,,,
437,1811-06-01,19.3,,,,
438,1811-07-01,17.7,,,,
439,1811-08-01,17.4,,,,
440,1811-09-01,13.5,,,,
441,1811-10-01,12.0,,,,
442,1811-11-01,4.9,,,,
443,1811-12-01,0.5,,,,
444,1812-01-01,-3.3,,,,
445,1812-02-01,1.2,,,,
446,1812-03-01,4.6,,,,
447,1812-04-01,5.8,,,,
448,1812-05-01,13.7,,,,
449,1812-06-01,15.7,,,,
450,1812-07-01,15.9,,,,
451,1812-08-01,16.0,,,,
452,1812-09-01,11.3,,,,
453,1812-10-01,10.4,,,,
454,1812-11-01,2.8,,,,
455,1812-12-01,-3.6,,,,
456,1813-01-01,-3.1,,,,
457,1813-02-01,2.6,,,,
458,1813-03-01,3.1,,,,
459,1813-04-01,9.9,,,,
460,1813-05-01,13.4,,,,
461,1813-06-01,13.6,,,,
462,1813-07-01,15.5,,,,
463,1813-08-01,14.7,,,,
464,1813-09-01,11.7,,,,
465,1813-10-01,8.1,,,,
466,1813-11-01,3.4,,,,
467,1813-12-01,1.2,,,,
468,1814-01-01,-1.5,,,,
469,1814-02-01,-3.7,,,,
470,1814-03-01,3.3,,,,
471,1814-04-01,9.9,,,,
472,1814-05-01,10.8,,,,
473,1814-06-01,13.6,,,,
474,1814-07-01,17.4,,,,
475,1814-08-01,16.3,,,,
476,1814-09-01,10.6,,,,
477,1814-10-01,7.5,,,,
478,1814-11-01,4.0,,,,
479,1814-12-01,2.5,,,,
480,1815-01-01,-3.0,,,,
481,1815-02-01,3.6,,,,
482,1815-03-01,7.2,,,,
483,1815-04-01,10.7,,,,
484,1815-05-01,16.8,,,,
485,1815-06-01,19.5,,,,
486,1815-07-01,19.0,,,,
487,1815-08-01,18.9,,,,
488,1815-09-01,14.6,,,,
489,1815-10-01,10.7,,,,
490,1815-11-01,3.2,,,,
491,1815-12-01,-3.3,,,,
492,1816-01-01,0.7,,,,
493,1816-02-01,-0.2,,,,
494,1816-03-01,4.4,,,,
495,1816-04-01,10.6,,,,
496,1816-05-01,14.9,,,,
497,1816-06-01,18.3,,,,
498,1816-07-01,18.9,,,,
499,1816-08-01,18.8,,,,
500,1816-09-01,15.3,,,,
501,1816-10-01,9.5,,,,
502,1816-11-01,4.0,,,,
503,1816-12-01,-1.3,,,,
504,1817-01-01,2.4,,,,
505,1817-02-01,5.4,,,,
506,1817-03-01,5.4,,,,
507,1817-04-01,5.5,,,,
508,1817-05-01,16.8,,,,
509,1817-06-01,21.9,,,,
510,1817-07-01,20.7,,,,
511,1817-08-01,20.3,,,,
512,1817-09-01,17.0,,,,
513,1817-10-01,7.7,,,,
514,1817-11-01,5.9,,,,
515,1817-12-01,0.6,,,,
516,1818-01-01,1.6,,,,
517,1818-02-01,1.3,,,,
518,1818-03-01,5.5,,,,
519,1818-04-01,10.5,,,,
520,1818-05-01,12.4,,,,
521,1818-06-01,15.9,,,,
522,1818-07-01,17.0,,,,
523,1818-08-01,15.7,,,,
524,1818-09-01,13.4,,,,
525,1818-10-01,9.2,,,,
526,1818-11-01,4.2,,,,
527,1818-12-01,-1.0,,,,
528,1819-01-01,-0.1,,,,
529,1819-02-01,2.6,,,,
530,1819-03-01,5.6,,,,
531,1819-04-01,9.6,,,,
532,1819-05-01,12.2,,,,
533,1819-06-01,16.4,,,,
534,1819-07-01,17.4,,,,
535,1819-08-01,16.1,,,,
536,1819-09-01,13.7,,,,
537,1819-10-01,8.3,,,,
538,1819-11-01,4.1,,,,
539,1819-12-01,-0.9,,,,
540,1820-01-01,-3.8,,,,
541,1820-02-01,1.0,,,,
542,1820-03-01,2.8,,,,
543,1820-04-01,10.2,,,,
544,1820-05-01,14.9,,,,
545,1820-06-01,14.2,,,,
546,1820-07-01,15.8,,,,
547,1820-08-01,18.8,,,,
548,1820-09-01,12.3,,,,
549,1820-10-01,8.5,,,,
550,1820-11-01,3.1,,,,
551,1820-12-01,-1.2,,,,
552,1821-01-01,0.9,,,,
553,1821-02-01,-1.1,,,,
554,1821-03-01,3.0,,,,
555,1821-04-01,10.0,,,,
556,1821-05-01,12.0,,,,
557,1821-06-01,12.1,,,,
558,1821-07-01,15.0,,,,
559,1821-08-01,15.7,,,,
560,1821-09-01,13.5,,,,
561,1821-10-01,8.2,,,,
562,1821-11-01,5.3,,,,
563,1821-12-01,3.2,,,,
564,1822-01-01,1.6,,,,
565,1822-02-01,2.0,,,,
566,1822-03-01,7.0,,,,
567,1822-04-01,9.4,,,,
568,1822-05-01,14.1,,,,
569,1822-06-01,16.8,,,,
570,1822-07-01,17.9,,,,
571,1822-08-01,16.1,,,,
572,1822-09-01,13.3,,,,
573,1822-10-01,10.4,,,,
574,1822-11-01,3.9,,,,
575,1822-12-01,-0.3,,,,
576,1823-01-01,-5.9,,,,
577,1823-02-01,1.1,,,,
578,1823-03-01,4.4,,,,
579,1823-04-01,8.2,,,,
580,1823-05-01,13.3,,,,
581,1823-06-01,14.6,,,,
582,1823-07-01,15.5,,,,
583,1823-08-01,16.6,,,,
584,1823-09-01,13.3,,,,
585,1823-10-01,9.2,,,,
586,1823-11-01,3.7,,,,
587,1823-12-01,1.3,,,,
588,1824-01-01,0.3,,,,
589,1824-02-01,2.7,,,,
590,1824-03-01,3.5,,,,
591,1824-04-01,7.6,,,,
592,1824-05-01,12.2,,,,
593,1824-06-01,14.8,,,,
594,1824-07-01,16.5,,,,
595,1824-08-01,15.8,,,,
596,1824-09-01,14.4,,,,
597,1824-10-01,8.8,,,,
598,1824-11-01,4.9,,,,
599,1824-12-01,4.1,,,,
600,1825-01-01,1.8,,,,
601,1825-02-01,0.9,,,,
602,1825-03-01,2.0,,,,
603,1825-04-01,9.3,,,,
604,1825-05-01,12.9,,,,
605,1825-06-01,15.1,,,,
606,1825-07-01,16.1,,,,
607,1825-08-01,15.9,,,,
608,1825-09-01,12.2,,,,
609,1825-10-01,6.4,,,,
610,1825-11-01,5.1,,,,
611,1825-12-01,3.2,,,,
612,1826-01-01,-4.9,,,,
613,1826-02-01,-1.5,,,,
614,1826-03-01,4.5,,,,
615,1826-04-01,8.2,,,,
616,1826-05-01,10.6,,,,
617,1826-06-01,15.0,,,,
618,1826-07-01,18.0,,,,
619,1826-08-01,18.4,,,,
620,1826-09-01,13.5,,,,
621,1826-10-01,9.1,,,,
622,1826-11-01,3.3,,,,
623,1826-12-01,2.1,,,,
624,1827-01-01,-0.8,,,,
625,1827-02-01,-2.5,,,,
626,1827-03-01,5.1,,,,
627,1827-04-01,9.8,,,,
628,1827-05-01,14.0,,,,
629,1827-06-01,16.5,,,,
630,1827-07-01,18.3,,,,
631,1827-08-01,15.4,,,,
632,1827-09-01,12.3,,,,
633,1827-10-01,9.0,,,,
634,1827-11-01,0.2,,,,
635,1827-12-01,1.2,,,,
636,1828-01-01,-1.1,,,,
637,1828-02-01,-1.7,,,,
638,1828-03-01,4.5,,,,
639,1828-04-01,9.6,,,,
640,1828-05-01,12.6,,,,
641,1828-06-01,15.6,,,,
642,1828-07-01,17.4,,,,
643,1828-08-01,15.0,,,,
644,1828-09-01,12.3,,,,
645,1828-10-01,7.2,,,,
646,1828-11-01,4.0,,,,
647,1828-12-01,1.7,,,,
648,1829-01-01,-3.0,,,,
649,1829-02-01,-3.3,,,,
650,1829-03-01,1.8,,,,
651,1829-04-01,8.1,,,,
652,1829-05-01,10.6,,,,
653,1829-06-01,12.7,,,,
654,1829-07-01,16.4,,,,
655,1829-08-01,13.8,,,,
656,1829-09-01,12.6,,,,
657,1829-10-01,6.1,,,,
658,1829-11-01,-0.2,,,,
659,1829-12-01,-5.8,,,,
660,1830-01-01,-6.6,,,,
661,1830-02-01,-2.8,,,,
662,1830-03-01,3.1,,,,
663,1830-04-01,9.5,,,,
664,1830-05-01,12.5,,,,
665,1830-06-01,15.5,,,,
666,1830-07-01,16.9,,,,
667,1830-08-01,16.4,,,,
668,1830-09-01,11.1,,,,
669,1830-10-01,6.9,,,,
670,1830-11-01,4.1,,,,
671,1830-12-01,1.2,,,,
672,1831-01-01,-2.7,,,,
673,1831-02-01,0.8,,,,
674,1831-03-01,4.2,,,,
675,1831-04-01,10.5,,,,
676,1831-05-01,12.0,,,,
677,1831-06-01,13.4,,,,
678,1831-07-01,17.0,,,,
679,1831-08-01,15.4,,,,
680,1831-09-01,10.9,,,,
681,1831-10-01,10.2,,,,
682,1831-11-01,3.3,,,,
683,1831-12-01,-0.3,,,,
684,1832-01-01,-0.8,,,,
685,1832-02-01,1.1,,,,
686,1832-03-01,3.6,,,,
687,1832-04-01,8.0,,,,
688,1832-05-01,11.0,,,,
689,1832-06-01,13.8,,,,
690,1832-07-01,15.4,,,,
691,1832-08-01,16.6,,,,
692,1832-09-01,11.8,,,,
693,1832-10-01,8.2,,,,
694,1832-11-01,1.9,,,,
695,1832-12-01,-0.9,,,,
696,1833-01-01,-5.1,,,,
697,1833-02-01,2.8,,,,
698,1833-03-01,3.9,,,,
699,1833-04-01,6.7,,,,
700,1833-05-01,15.4,,,,
701,1833-06-01,16.5,,,,
702,1833-07-01,14.3,,,,
703,1833-08-01,13.5,,,,
704,1833-09-01,11.6,,,,
705,1833-10-01,7.5,,,,
706,1833-11-01,3.6,,,,
707,1833-12-01,4.1,,,,
708,1834-01-01,3.2,,,,
709,1834-02-01,0.5,,,,
710,1834-03-01,3.5,,,,
711,1834-04-01,6.9,,,,
712,1834-05-01,14.9,,,,
713,1834-06-01,16.9,,,,
714,1834-07-01,19.2,,,,
715,1834-08-01,17.6,,,,
716,1834-09-01,15.6,,,,
717,1834-10-01,7.9,,,,
718,1834-11-01,2.4,,,,
719,1834-12-01,1.4,,,,
720,1835-01-01,0.4,,,,
721,1835-02-01,2.0,,,,
722,1835-03-01,3.9,,,,
723,1835-04-01,7.2,,,,
724,1835-05-01,13.1,,,,
725,1835-06-01,15.1,,,,
726,1835-07-01,17.6,,,,
727,1835-08-01,16.5,,,,
728,1835-09-01,13.0,,,,
729,1835-10-01,7.6,,,,
730,1835-11-01,-0.1,,,,
731,1835-12-01,-1.6,,,,
732,1836-01-01,-1.4,,,,
733,1836-02-01,1.1,,,,
734,1836-03-01,7.3,,,,
735,1836-04-01,8.4,,,,
736,1836-05-01,9.9,,,,
737,1836-06-01,15.6,,,,
738,1836-07-01,16.2,,,,
739,1836-08-01,15.5,,,,
740,1836-09-01,12.5,,,,
741,1836-10-01,8.5,,,,
742,1836-11-01,2.6,,,,
743,1836-12-01,2.8,,,,
744,1837-01-01,-1.1,,,,
745,1837-02-01,-1.9,,,,
746,1837-03-01,1.8,,,,
747,1837-04-01,7.1,,,,
748,1837-05-01,10.2,,,,
749,1837-06-01,14.2,,,,
750,1837-07-01,13.9,,,,
751,1837-08-01,17.3,,,,
752,1837-09-01,10.7,,,,
753,1837-10-01,7.4,,,,
754,1837-11-01,2.8,,,,
755,1837-12-01,-0.7,,,,
756,1838-01-01,-6.4,,,,
757,1838-02-01,-3.7,,,,
758,1838-03-01,2.9,,,,
759,1838-04-01,5.9,,,,
760,1838-05-01,12.1,,,,
761,1838-06-01,14.5,,,,
762,1838-07-01,15.4,,,,
763,1838-08-01,14.2,,,,
764,1838-09-01,12.9,,,,
765,1838-10-01,7.1,,,,
766,1838-11-01,3.0,,,,
767,1838-12-01,-0.4,,,,
768,1839-01-01,-0.3,,,,
769,1839-02-01,1.3,,,,
770,1839-03-01,1.7,,,,
771,1839-04-01,4.6,,,,
772,1839-05-01,10.9,,,,
773,1839-06-01,16.4,,,,
774,1839-07-01,17.1,,,,
775,1839-08-01,14.4,,,,
776,1839-09-01,13.3,,,,
777,1839-10-01,9.3,,,,
778,1839-11-01,5.2,,,,
779,1839-12-01,1.0,,,,
780,1840-01-01,-1.7,,,,
781,1840-02-01,-0.4,,,,
782,1840-03-01,-0.1,,,,
783,1840-04-01,7.8,,,,
784,1840-05-01,11.3,,,,
785,1840-06-01,14.4,,,,
786,1840-07-01,15.1,,,,
787,1840-08-01,14.7,,,,
788,1840-09-01,12.7,,,,
789,1840-10-01,6.3,,,,
790,1840-11-01,5.6,,,,
791,1840-12-01,-7.6,,,,
792,1841-01-01,-0.9,,,,
793,1841-02-01,-3.4,,,,
794,1841-03-01,4.2,,,,
795,1841-04-01,9.3,,,,
796,1841-05-01,14.7,,,,
797,1841-06-01,14.4,,,,
798,1841-07-01,15.7,,,,
799,1841-08-01,15.2,,,,
800,1841-09-01,13.3,,,,
801,1841-10-01,10.4,,,,
802,1841-11-01,3.9,,,,
803,1841-12-01,2.7,,,,
804,1842-01-01,-4.3,,,,
805,1842-02-01,-4.2,,,,
806,1842-03-01,4.2,,,,
807,1842-04-01,6.4,,,,
808,1842-05-01,12.4,,,,
809,1842-06-01,15.0,,,,
810,1842-07-01,16.0,,,,
811,1842-08-01,17.7,,,,
812,1842-09-01,12.5,,,,
813,1842-10-01,5.7,,,,
814,1842-11-01,2.0,,,,
815,1842-12-01,1.5,,,,
816,1843-01-01,0.7,,,,
817,1843-02-01,4.6,,,,
818,1843-03-01,2.0,,,,
819,1843-04-01,7.6,,,,
820,1843-05-01,10.7,,,,
821,1843-06-01,12.7,,,,
822,1843-07-01,15.2,,,,
823,1843-08-01,15.6,,,,
824,1843-09-01,11.4,,,,
825,1843-10-01,7.8,,,,
826,1843-11-01,3.2,,,,
827,1843-12-01,2.9,,,,
828,1844-01-01,-1.5,,,,
829,1844-02-01,-0.5,,,,
830,1844-03-01,2.4,,,,
831,1844-04-01,8.4,,,,
832,1844-05-01,11.8,,,,
833,1844-06-01,15.3,,,,
834,1844-07-01,14.5,,,,
835,1844-08-01,13.9,,,,
836,1844-09-01,12.8,,,,
837,1844-10-01,9.3,,,,
838,1844-11-01,5.0,,,,
839,1844-12-01,-3.3,,,,
840,1845-01-01,0.6,,,,
841,1845-02-01,-2.7,,,,
842,1845-03-01,-0.6,,,,
843,1845-04-01,8.5,,,,
844,1845-05-01,10.2,,,,
845,1845-06-01,16.0,,,,
846,1845-07-01,16.7,,,,
847,1845-08-01,14.3,,,,
848,1845-09-01,11.4,,,,
849,1845-10-01,8.8,,,,
850,1845-11-01,4.4,,,,
851,1845-12-01,2.4,,,,
852,1846-01-01,0.8,,,,
853,1846-02-01,2.5,,,,
854,1846-03-01,5.4,,,,
855,1846-04-01,9.1,,,,
856,1846-05-01,12.6,,,,
857,1846-06-01,16.0,,,,
858,1846-07-01,17.6,,,,
859,1846-08-01,16.9,,,,
860,1846-09-01,13.3,,,,
861,1846-10-01,10.7,,,,
862,1846-11-01,1.9,,,,
863,1846-12-01,-1.0,,,,
864,1847-01-01,-3.0,,,,
865,1847-02-01,-0.5,,,,
866,1847-03-01,2.1,,,,
867,1847-04-01,6.4,,,,
868,1847-05-01,13.7,,,,
869,1847-06-01,12.2,,,,
870,1847-07-01,15.6,,,,
871,1847-08-01,16.0,,,,
872,1847-09-01,10.5,,,,
873,1847-10-01,6.6,,,,
874,1847-11-01,2.2,,,,
875,1847-12-01,0.3,,,,
876,1848-01-01,-6.0,,,,
877,1848-02-01,1.9,,,,
878,1848-03-01,4.5,,,,
879,1848-04-01,9.7,,,,
880,1848-05-01,11.4,,,,
881,1848-06-01,15.9,,,,
882,1848-07-01,15.8,,,,
883,1848-08-01,15.4,,,,
884,1848-09-01,12.1,,,,
885,1848-10-01,9.2,,,,
886,1848-11-01,3.3,,,,
887,1848-12-01,0.0,,,,
888,1849-01-01,-2.3,,,,
889,1849-02-01,3.0,,,,
890,1849-03-01,2.8,,,,
891,1849-04-01,6.7,,,,
892,1849-05-01,11.8,,,,
893,1849-06-01,15.4,,,,
894,1849-07-01,15.2,,,,
895,1849-08-01,13.6,,,,
896,1849-09-01,11.3,,,,
897,1849-10-01,7.6,,,,
898,1849-11-01,2.2,,,,
899,1849-12-01,-1.7,,,,
900,1850-01-01,-4.3,,,,
901,1850-02-01,2.9,,,,
902,1850-03-01,1.8,,,,
903,1850-04-01,8.2,,,,
904,1850-05-01,11.9,,,,
905,1850-06-01,14.7,,,,
906,1850-07-01,15.0,,,,
907,1850-08-01,15.8,,,,
908,1850-09-01,10.7,,,,
909,1850-10-01,7.3,,,,
910,1850-11-01,4.9,,,,
911,1850-12-01,0.5,,,,
912,1851-01-01,-0.9,,,,
913,1851-02-01,0.2,,,,
914,1851-03-01,3.8,,,,
915,1851-04-01,8.4,,,,
916,1851-05-01,9.3,,,,
917,1851-06-01,14.2,,,,
918,1851-07-01,14.7,,,,
919,1851-08-01,14.8,,,,
920,1851-09-01,10.5,,,,
921,1851-10-01,9.8,,,,
922,1851-11-01,1.5,,,,
923,1851-12-01,0.3,,,,
924,1852-01-01,0.7,,,,
925,1852-02-01,2.0,,,,
926,1852-03-01,1.1,,,,
927,1852-04-01,5.2,,,,
928,1852-05-01,11.8,,,,
929,1852-06-01,14.9,,,,
930,1852-07-01,16.8,,,,
931,1852-08-01,15.7,,,,
932,1852-09-01,15.1,2.1,17.0,,
933,1852-10-01,8.4,2.3,15.0,,
934,1852-11-01,7.2,1.9,30.0,,
935,1852-12-01,3.5,2.7,3.0,,
936,1853-01-01,1.1,2.6,18.0,,
937,1853-02-01,-0.3,3.6,7.0,,
938,1853-03-01,0.9,3.8,5.0,,
939,1853-04-01,6.2,5.6,0.0,,
940,1853-05-01,14.3,3.6,,,
941,1853-06-01,18.0,4.0,,,
942,1853-07-01,20.1,5.2,,,
943,1853-08-01,19.2,3.6,,,
944,1853-09-01,14.9,4.3,,,
945,1853-10-01,10.7,3.6,,,
946,1853-11-01,3.0,6.0,,,
947,1853-12-01,-4.4,3.6,,,
948,1854-01-01,-0.8,3.5,,,
949,1854-02-01,0.4,5.9,,,
950,1854-03-01,3.7,4.7,,,
951,1854-04-01,8.9,5.1,,,
952,1854-05-01,15.4,2.9,,,
953,1854-06-01,16.9,4.8,,,
954,1854-07-01,19.5,4.6,,,
955,1854-08-01,17.7,5.1,,,
956,1854-09-01,13.9,4.3,,,
957,1854-10-01,9.9,2.1,,,
958,1854-11-01,2.4,4.6,,,
959,1854-12-01,3.3,4.4,,,
960,1855-01-01,-2.6,5.1,,,
961,1855-02-01,-3.4,2.3,32.0,,
962,1855-03-01,4.1,2.4,12.0,,
963,1855-04-01,8.0,2.9,27.0,,
964,1855-05-01,13.7,1.9,94.0,,
965,1855-06-01,18.6,1.7,101.0,,
966,1855-07-01,19.4,2.3,35.0,,
967,1855-08-01,19.7,1.6,93.0,,
968,1855-09-01,14.6,1.6,55.0,,
969,1855-10-01,13.1,2.3,20.0,,
970,1855-11-01,4.4,2.4,46.0,,
971,1855-12-01,-5.6,2.0,19.0,,
972,1856-01-01,0.2,2.4,36.0,,
973,1856-02-01,2.8,4.3,38.0,,
974,1856-03-01,1.8,3.5,6.0,,
975,1856-04-01,11.4,2.2,1.0,,
976,1856-05-01,14.7,2.6,43.0,,
977,1856-06-01,19.6,2.5,57.0,,
978,1856-07-01,17.5,2.0,106.0,,
979,1856-08-01,20.0,2.4,28.0,,
980,1856-09-01,14.0,2.1,62.0,,
981,1856-10-01,10.3,1.4,6.0,,
982,1856-11-01,1.0,4.1,93.0,,
983,1856-12-01,-0.7,3.4,28.0,,
984,1857-01-01,-1.5,2.5,29.0,,
985,1857-02-01,-2.8,1.7,21.0,,
986,1857-03-01,3.4,3.3,34.0,,
987,1857-04-01,9.9,3.0,54.0,,
988,1857-05-01,14.0,2.4,40.0,,
989,1857-06-01,17.8,2.7,29.0,,
990,1857-07-01,21.2,2.6,38.0,,
991,1857-08-01,20.7,1.9,38.0,,
992,1857-09-01,16.1,2.3,57.0,,
993,1857-10-01,13.3,1.8,81.0,,
994,1857-11-01,2.4,1.3,67.0,,
995,1857-12-01,1.6,3.2,11.0,,
996,1858-01-01,-3.3,3.5,5.0,,
997,1858-02-01,-6.8,2.0,26.0,,
998,1858-03-01,2.6,3.3,28.0,,
999,1858-04-01,8.9,1.8,31.0,,
1000,1858-05-01,13.0,2.7,78.0,,
1001,1858-06-01,20.2,1.7,16.0,,
1002,1858-07-01,19.4,2.4,61.0,,
1003,1858-08-01,17.8,2.1,72.0,,
1004,1858-09-01,17.0,1.1,14.0,,
1005,1858-10-01,11.6,1.7,35.0,,
1006,1858-11-01,-0.1,2.0,40.0,,
1007,1858-12-01,0.8,1.3,15.0,,
1008,1859-01-01,-0.5,3.0,10.0,,
1009,1859-02-01,3.3,4.1,25.0,,
1010,1859-03-01,7.7,3.4,94.0,,
1011,1859-04-01,10.2,2.2,96.0,,
1012,1859-05-01,14.7,1.0,69.0,,
1013,1859-06-01,18.3,2.1,32.0,,
1014,1859-07-01,23.0,1.8,41.0,,
1015,1859-08-01,21.2,1.7,70.0,,
1016,1859-09-01,14.4,2.0,66.0,,
1017,1859-10-01,11.4,2.3,38.0,,
1018,1859-11-01,3.2,2.2,54.0,,
1019,1859-12-01,-3.0,2.8,61.0,,
1020,1860-01-01,1.4,2.1,47.0,,
1021,1860-02-01,-0.3,5.1,18.0,,
1022,1860-03-01,2.7,2.5,36.0,,
1023,1860-04-01,9.1,2.5,91.0,,
1024,1860-05-01,15.2,3.1,88.0,,
1025,1860-06-01,18.2,2.0,60.0,,
1026,1860-07-01,17.0,3.2,45.0,,
1027,1860-08-01,18.6,2.1,63.0,,
1028,1860-09-01,15.7,2.6,36.0,,
1029,1860-10-01,8.6,1.6,21.0,,
1030,1860-11-01,2.5,2.4,19.0,,
1031,1860-12-01,-0.8,2.9,40.0,,
1032,1861-01-01,-4.2,2.6,48.0,,
1033,1861-02-01,3.1,1.4,25.0,,
1034,1861-03-01,5.4,4.1,46.0,,
1035,1861-04-01,7.1,2.8,24.0,,
1036,1861-05-01,11.6,2.6,122.0,,
1037,1861-06-01,18.5,2.5,131.0,,
1038,1861-07-01,19.5,2.5,48.0,,
1039,1861-08-01,20.6,2.5,42.0,,
1040,1861-09-01,16.2,2.5,11.0,,
1041,1861-10-01,10.6,1.7,11.0,,
1042,1861-11-01,3.9,1.5,26.0,,
1043,1861-12-01,,2.4,24.0,,
1044,1862-01-01,-2.7,1.8,60.0,,
1045,1862-02-01,-0.2,3.0,62.0,,
1046,1862-03-01,6.8,1.9,,,
1047,1862-04-01,12.3,2.1,,,
1048,1862-05-01,15.8,1.6,107.0,,
1049,1862-06-01,17.6,2.6,58.0,,
1050,1862-07-01,20.0,2.3,67.0,,
1051,1862-08-01,17.9,1.6,83.0,,
1052,1862-09-01,16.2,1.6,31.0,,
1053,1862-10-01,11.6,1.9,95.0,,
1054,1862-11-01,,,,,
1055,1862-12-01,,,,,
1056,1863-01-01,3.0,2.9,19.0,,
1057,1863-02-01,3.0,2.8,8.0,,
1058,1863-03-01,6.6,3.2,36.0,,
1059,1863-04-01,8.8,1.8,56.0,,
1060,1863-05-01,15.8,2.0,44.0,,
1061,1863-06-01,18.2,2.8,35.0,,
1062,1863-07-01,19.4,2.0,41.0,,
1063,1863-08-01,21.2,2.2,32.0,,
1064,1863-09-01,16.4,2.0,63.0,,
1065,1863-10-01,12.2,2.0,16.0,,
1066,1863-11-01,5.1,1.6,41.0,,
1067,1863-12-01,2.3,5.1,56.0,,
1068,1864-01-01,-6.5,1.0,4.0,,
1069,1864-02-01,0.0,2.3,31.0,,
1070,1864-03-01,5.9,1.9,88.0,,
1071,1864-04-01,6.5,2.6,48.0,,
1072,1864-05-01,12.0,1.7,57.0,,
1073,1864-06-01,18.1,2.5,128.0,,
1074,1864-07-01,17.6,3.2,40.0,,
1075,1864-08-01,16.4,2.8,100.0,,
1076,1864-09-01,15.2,2.1,80.0,,
1077,1864-10-01,8.5,2.6,52.0,,
1078,1864-11-01,3.3,2.4,23.0,,
1079,1864-12-01,-3.4,1.2,19.0,,
1080,1865-01-01,-0.1,2.0,31.0,,
1081,1865-02-01,-4.6,2.9,37.0,,
1082,1865-03-01,0.0,3.0,48.0,,
1083,1865-04-01,11.4,1.7,12.0,,
1084,1865-05-01,17.7,1.9,53.0,,
1085,1865-06-01,15.9,3.3,88.0,,
1086,1865-07-01,22.0,2.8,89.0,,
1087,1865-08-01,18.5,3.5,71.0,,
1088,1865-09-01,15.7,3.1,18.0,,
1089,1865-10-01,10.5,2.5,50.0,,
1090,1865-11-01,5.4,2.6,24.0,,
1091,1865-12-01,0.0,3.6,5.0,,
1092,1866-01-01,1.2,3.0,17.0,,
1093,1866-02-01,4.0,4.3,28.0,,
1094,1866-03-01,5.0,3.3,56.0,,
1095,1866-04-01,11.7,3.7,19.0,,
1096,1866-05-01,12.1,3.3,48.0,,
1097,1866-06-01,20.2,3.7,21.0,,
1098,1866-07-01,18.8,4.0,,,
1099,1866-08-01,16.9,4.0,,,
1100,1866-09-01,17.1,3.5,63.0,,
1101,1866-10-01,8.0,2.0,11.0,,
1102,1866-11-01,5.0,5.6,27.0,,
1103,1866-12-01,-0.3,3.3,84.0,,
1104,1867-01-01,-0.3,3.4,200.0,,
1105,1867-02-01,4.9,5.5,130.0,,
1106,1867-03-01,3.2,3.7,100.0,,
1107,1867-04-01,10.2,5.0,208.0,,
1108,1867-05-01,14.1,2.7,267.0,,
1109,1867-06-01,17.6,3.4,192.0,,
1110,1867-07-01,18.6,3.2,185.0,,
1111,1867-08-01,20.1,1.8,49.0,,
1112,1867-09-01,16.3,2.1,124.0,,
1113,1867-10-01,9.2,2.8,176.0,,
1114,1867-11-01,2.7,6.1,82.0,,
1115,1867-12-01,-1.4,4.6,211.0,,
1116,1868-01-01,-1.3,2.3,116.0,,
1117,1868-02-01,4.1,6.1,64.0,,
1118,1868-03-01,4.8,3.9,268.0,,
1119,1868-04-01,9.2,3.7,202.0,,
1120,1868-05-01,17.9,1.3,301.0,,
1121,1868-06-01,19.6,1.9,78.0,,
1122,1868-07-01,20.2,2.1,208.0,,
1123,1868-08-01,20.0,2.4,133.0,,
1124,1868-09-01,17.7,1.3,33.0,,
1125,1868-10-01,12.0,3.0,161.0,,
1126,1868-11-01,3.4,4.3,78.0,,
1127,1868-12-01,4.0,2.7,159.0,,
1128,1869-01-01,-2.1,2.4,11.0,,
1129,1869-02-01,5.5,3.6,46.0,,
1130,1869-03-01,3.2,3.3,42.0,,
1131,1869-04-01,12.0,2.0,33.0,,
1132,1869-05-01,17.2,2.6,34.0,,
1133,1869-06-01,15.9,3.1,26.0,,
1134,1869-07-01,21.1,2.4,43.0,,
1135,1869-08-01,18.0,2.5,67.0,,
1136,1869-09-01,16.6,2.9,18.0,,
1137,1869-10-01,7.7,1.9,42.0,,
1138,1869-11-01,4.9,5.3,97.0,,
1139,1869-12-01,1.4,3.1,52.0,,
1140,1870-01-01,-1.1,2.1,44.0,,
1141,1870-02-01,-4.9,2.1,16.0,,
1142,1870-03-01,1.7,3.1,53.0,,
1143,1870-04-01,8.5,2.6,36.0,,
1144,1870-05-01,15.9,2.1,33.0,,
1145,1870-06-01,17.4,3.5,74.0,,
1146,1870-07-01,20.3,2.3,160.0,,
1147,1870-08-01,17.4,3.4,62.0,,
1148,1870-09-01,13.6,3.3,51.0,,
1149,1870-10-01,9.4,2.5,63.0,,
1150,1870-11-01,6.0,2.2,60.0,,
1151,1870-12-01,-3.8,2.4,,,
1152,1871-01-01,-4.2,2.0,30.0,,
1153,1871-02-01,-0.6,3.2,16.0,,
1154,1871-03-01,4.6,2.0,46.0,,
1155,1871-04-01,9.3,2.7,41.0,,
1156,1871-05-01,11.2,2.2,44.0,,
1157,1871-06-01,15.1,3.1,48.0,,
1158,1871-07-01,19.8,2.0,143.0,,
1159,1871-08-01,19.2,1.9,59.0,,
1160,1871-09-01,15.4,1.5,55.0,,
1161,1871-10-01,7.6,1.7,51.0,,
1162,1871-11-01,2.9,2.2,41.0,,
1163,1871-12-01,-6.3,2.3,26.0,,
1164,1872-01-01,-1.2,1.5,46.0,,
1165,1872-02-01,0.8,2.0,13.0,,
1166,1872-03-01,6.4,2.0,22.0,,
1167,1872-04-01,11.9,2.0,20.0,,
1168,1872-05-01,17.0,2.0,50.0,,
1169,1872-06-01,17.2,3.0,73.0,,
1170,1872-07-01,20.2,2.1,57.0,,
1171,1872-08-01,17.6,2.7,166.0,,
1172,1872-09-01,16.2,2.7,31.0,,
1173,1872-10-01,12.5,2.7,50.0,,
1174,1872-11-01,6.1,1.8,81.0,,
1175,1872-12-01,3.5,2.1,32.0,,
1176,1873-01-01,1.2,2.0,20.0,,
1177,1873-02-01,0.4,2.8,77.0,,
1178,1873-03-01,7.0,2.4,34.0,,
1179,1873-04-01,9.0,2.9,14.0,,
1180,1873-05-01,11.5,3.6,85.0,,
1181,1873-06-01,17.5,2.8,61.0,,
1182,1873-07-01,21.7,2.6,24.0,,
1183,1873-08-01,21.3,1.8,52.0,,
1184,1873-09-01,14.1,2.2,66.0,,
1185,1873-10-01,12.2,2.1,27.0,,
1186,1873-11-01,5.5,3.0,27.0,,
1187,1873-12-01,1.3,3.4,18.0,,
1188,1874-01-01,-0.8,3.0,17.0,,
1189,1874-02-01,0.3,3.8,35.0,,
1190,1874-03-01,4.0,4.4,48.0,,
1191,1874-04-01,11.6,2.5,49.0,,
1192,1874-05-01,10.7,3.4,112.0,,
1193,1874-06-01,18.3,2.4,117.0,,
1194,1874-07-01,22.3,1.8,29.0,,
1195,1874-08-01,17.9,3.0,50.0,,
1196,1874-09-01,17.4,1.8,37.0,,
1197,1874-10-01,10.2,2.1,14.0,,
1198,1874-11-01,1.1,2.3,42.0,,
1199,1874-12-01,-0.9,3.3,79.0,,
1200,1875-01-01,-0.2,3.5,59.0,,
1201,1875-02-01,-4.6,3.1,35.0,,
1202,1875-03-01,-0.1,2.6,72.0,,
1203,1875-04-01,8.7,2.2,28.0,,
1204,1875-05-01,15.7,2.4,29.0,,
1205,1875-06-01,20.5,2.5,48.0,,
1206,1875-07-01,19.7,2.5,65.0,,
1207,1875-08-01,20.3,1.9,64.0,,
1208,1875-09-01,14.3,2.8,29.0,,
1209,1875-10-01,7.7,2.3,91.0,,
1210,1875-11-01,3.1,3.0,59.0,,
1211,1875-12-01,-2.3,3.8,72.0,,
1212,1876-01-01,-4.9,2.2,25.0,,
1213,1876-02-01,-0.4,2.8,131.0,,
1214,1876-03-01,5.6,3.9,72.0,,
1215,1876-04-01,12.0,2.7,37.0,,
1216,1876-05-01,10.8,2.9,57.0,,
1217,1876-06-01,18.6,2.9,58.0,,
1218,1876-07-01,19.8,3.6,29.0,,
1219,1876-08-01,19.9,1.6,71.0,,
1220,1876-09-01,14.3,2.6,66.0,,
1221,1876-10-01,10.7,2.1,47.0,,
1222,1876-11-01,0.4,2.6,47.0,,
1223,1876-12-01,2.0,1.5,43.0,,
1224,1877-01-01,1.4,1.5,32.0,,
1225,1877-02-01,2.7,4.4,99.0,,
1226,1877-03-01,3.7,2.8,50.0,,
1227,1877-04-01,8.1,3.0,42.0,,
1228,1877-05-01,12.0,3.0,64.0,,
1229,1877-06-01,20.0,2.0,28.0,,
1230,1877-07-01,19.1,2.4,67.0,,
1231,1877-08-01,21.1,2.3,32.0,,
1232,1877-09-01,12.6,1.8,36.0,,
1233,1877-10-01,8.0,2.1,11.0,,
1234,1877-11-01,4.9,1.8,35.0,,
1235,1877-12-01,-0.2,2.0,86.0,,
1236,1878-01-01,-1.4,4.3,72.0,,
1237,1878-02-01,3.0,3.7,25.0,,
1238,1878-03-01,4.5,5.4,82.0,,
1239,1878-04-01,10.5,2.3,38.0,,
1240,1878-05-01,14.7,1.9,61.0,,
1241,1878-06-01,17.8,2.0,88.0,,
1242,1878-07-01,18.5,3.4,68.0,,
1243,1878-08-01,18.9,2.1,93.0,,
1244,1878-09-01,16.3,2.2,58.0,,
1245,1878-10-01,10.9,1.8,73.0,,
1246,1878-11-01,4.1,2.5,92.0,,
1247,1878-12-01,-1.9,3.2,48.0,,
1248,1879-01-01,-2.1,1.8,34.0,,
1249,1879-02-01,1.5,3.3,51.0,,
1250,1879-03-01,3.5,3.7,72.0,,
1251,1879-04-01,9.0,3.7,116.0,,
1252,1879-05-01,12.6,2.8,147.0,,
1253,1879-06-01,18.5,3.1,111.0,,
1254,1879-07-01,17.1,3.7,106.0,,
1255,1879-08-01,19.8,2.5,59.0,,
1256,1879-09-01,16.0,2.1,29.0,,
1257,1879-10-01,8.6,3.3,48.0,,
1258,1879-11-01,1.1,3.3,63.0,,
1259,1879-12-01,-7.4,2.7,26.0,,
1260,1880-01-01,-2.2,4.2,21.0,,
1261,1880-02-01,-1.3,2.1,40.0,,
1262,1880-03-01,3.6,2.0,41.0,,
1263,1880-04-01,11.7,2.5,57.0,150.0,
1264,1880-05-01,12.8,3.5,144.0,152.0,
1265,1880-06-01,17.5,3.0,60.0,221.0,
1266,1880-07-01,21.1,2.7,55.0,320.0,
1267,1880-08-01,17.5,3.0,111.0,221.0,
1268,1880-09-01,15.5,2.6,45.0,182.0,
1269,1880-10-01,9.6,2.9,50.0,83.0,
1270,1880-11-01,5.2,2.6,43.0,41.0,
1271,1880-12-01,4.0,4.5,91.0,49.0,
1272,1881-01-01,-4.7,2.9,22.0,84.0,
1273,1881-02-01,-0.4,2.6,14.0,69.0,
1274,1881-03-01,4.2,3.6,103.0,100.0,
1275,1881-04-01,6.9,2.8,25.0,103.0,
1276,1881-05-01,13.7,2.5,108.0,265.0,
1277,1881-06-01,17.3,2.6,35.0,229.0,
1278,1881-07-01,21.2,2.7,39.0,291.0,
1279,1881-08-01,19.4,2.8,92.0,246.0,
1280,1881-09-01,13.3,2.2,60.0,150.0,
1281,1881-10-01,6.5,2.7,84.0,35.0,
1282,1881-11-01,3.2,1.9,30.0,57.0,
1283,1881-12-01,0.7,2.5,10.0,58.0,
1284,1882-01-01,0.6,2.3,4.0,77.0,
1285,1882-02-01,2.2,3.8,20.0,133.0,
1286,1882-03-01,9.2,3.6,13.0,182.0,
1287,1882-04-01,9.7,3.0,38.0,171.0,
1288,1882-05-01,15.0,2.8,62.0,247.0,
1289,1882-06-01,16.2,3.4,35.0,252.0,
1290,1882-07-01,19.8,2.9,177.0,256.0,
1291,1882-08-01,16.7,4.0,90.0,172.0,
1292,1882-09-01,15.3,3.2,38.0,139.0,
1293,1882-10-01,10.6,1.9,71.0,92.0,
1294,1882-11-01,5.0,3.3,69.0,99.0,
1295,1882-12-01,1.5,3.0,67.0,48.0,
1296,1883-01-01,-1.8,2.4,36.0,97.0,
1297,1883-02-01,1.7,3.6,35.0,72.0,
1298,1883-03-01,0.3,3.4,23.0,125.0,
1299,1883-04-01,7.4,3.0,39.0,134.0,
1300,1883-05-01,15.0,2.7,62.0,228.0,
1301,1883-06-01,18.1,3.1,114.0,260.0,
1302,1883-07-01,19.2,3.2,40.0,276.0,
1303,1883-08-01,18.5,2.4,51.0,293.0,
1304,1883-09-01,14.9,2.2,42.0,120.0,
1305,1883-10-01,10.0,2.5,23.0,98.0,
1306,1883-11-01,4.0,2.1,17.0,71.0,
1307,1883-12-01,0.9,4.3,45.0,52.0,
1308,1884-01-01,2.4,4.2,27.0,81.0,
1309,1884-02-01,1.8,1.5,7.0,82.0,
1310,1884-03-01,5.4,1.7,40.0,114.0,
1311,1884-04-01,7.8,2.0,79.0,133.0,
1312,1884-05-01,15.3,2.2,18.0,280.0,
1313,1884-06-01,14.9,4.3,107.0,163.0,
1314,1884-07-01,20.4,2.2,41.0,270.0,
1315,1884-08-01,18.2,2.1,75.0,209.0,
1316,1884-09-01,15.2,1.6,23.0,208.0,
1317,1884-10-01,9.1,3.6,132.0,80.0,
1318,1884-11-01,2.3,2.7,24.0,47.0,
1319,1884-12-01,1.8,2.6,64.0,33.0,
1320,1885-01-01,-3.8,1.1,31.0,70.0,
1321,1885-02-01,1.8,1.6,11.0,119.0,
1322,1885-03-01,5.1,2.8,33.0,141.0,
1323,1885-04-01,12.0,1.9,26.0,242.0,
1324,1885-05-01,12.5,3.0,185.0,213.0,
1325,1885-06-01,19.5,2.2,23.0,291.0,
1326,1885-07-01,20.2,2.8,99.0,257.0,
1327,1885-08-01,17.3,1.9,53.0,242.0,
1328,1885-09-01,15.2,2.6,49.0,194.0,
1329,1885-10-01,9.7,2.0,37.0,129.0,
1330,1885-11-01,4.3,2.1,86.0,43.0,
1331,1885-12-01,-0.9,2.4,19.0,55.0,
1332,1886-01-01,-1.5,1.7,64.0,21.0,
1333,1886-02-01,-2.1,1.5,11.0,53.0,
1334,1886-03-01,0.9,3.0,72.0,147.0,
1335,1886-04-01,10.9,2.2,80.0,213.0,
1336,1886-05-01,14.5,2.9,27.0,225.0,
1337,1886-06-01,16.0,2.6,228.0,174.0,
1338,1886-07-01,19.2,2.3,56.0,284.0,
1339,1886-08-01,19.6,2.3,38.0,258.0,
1340,1886-09-01,17.0,2.1,8.0,222.0,
1341,1886-10-01,11.2,2.4,34.0,150.0,
1342,1886-11-01,5.4,2.5,39.0,65.0,
1343,1886-12-01,1.4,2.9,73.0,48.0,
1344,1887-01-01,-3.6,1.5,11.0,82.0,
1345,1887-02-01,-1.5,2.3,13.0,82.0,
1346,1887-03-01,2.4,3.4,57.0,95.0,
1347,1887-04-01,9.8,3.1,51.0,224.0,
1348,1887-05-01,12.8,2.7,129.0,147.0,
1349,1887-06-01,16.9,2.8,38.0,250.0,
1350,1887-07-01,22.0,2.3,13.0,307.0,
1351,1887-08-01,18.7,3.1,70.0,270.0,
1352,1887-09-01,15.9,2.7,25.0,178.0,
1353,1887-10-01,7.2,3.0,59.0,93.0,
1354,1887-11-01,4.5,2.4,85.0,51.0,
1355,1887-12-01,-1.1,2.9,64.0,37.0,
1356,1888-01-01,-2.6,4.0,71.0,63.0,
1357,1888-02-01,-3.0,2.2,110.0,54.0,
1358,1888-03-01,3.6,3.1,28.0,92.0,
1359,1888-04-01,8.3,2.5,161.0,181.0,
1360,1888-05-01,15.4,2.8,12.0,274.0,
1361,1888-06-01,17.8,2.3,85.0,237.0,
1362,1888-07-01,17.8,3.5,61.0,232.0,
1363,1888-08-01,18.1,2.8,50.0,250.0,
1364,1888-09-01,14.8,1.9,29.0,192.0,
1365,1888-10-01,8.1,2.6,64.0,97.0,
1366,1888-11-01,1.9,3.3,32.0,83.0,
1367,1888-12-01,0.3,1.8,29.0,43.0,
1368,1889-01-01,-2.5,3.0,11.0,70.0,
1369,1889-02-01,-0.7,4.4,47.0,83.0,
1370,1889-03-01,1.4,3.7,116.0,97.0,
1371,1889-04-01,9.5,3.2,45.0,151.0,
1372,1889-05-01,17.8,1.9,40.0,279.0,
1373,1889-06-01,20.1,2.3,54.0,311.0,
1374,1889-07-01,19.4,3.3,78.0,268.0,
1375,1889-08-01,18.0,2.8,40.0,190.0,
1376,1889-09-01,12.4,3.0,77.0,108.0,
1377,1889-10-01,11.0,2.7,93.0,71.0,
1378,1889-11-01,3.2,2.0,22.0,57.0,
1379,1889-12-01,-3.9,2.0,66.0,15.0,
1380,1890-01-01,1.3,3.0,44.0,45.0,
1381,1890-02-01,-2.0,2.4,3.0,,
1382,1890-03-01,6.2,3.0,12.0,161.0,
1383,1890-04-01,9.3,2.7,120.0,,
1384,1890-05-01,15.7,2.3,33.0,283.0,
1385,1890-06-01,16.0,2.9,72.0,214.0,
1386,1890-07-01,18.7,2.5,58.0,276.0,
1387,1890-08-01,20.8,2.3,94.0,276.0,
1388,1890-09-01,14.2,3.7,73.0,160.0,
1389,1890-10-01,8.9,2.8,24.0,117.0,
1390,1890-11-01,4.0,2.6,61.0,58.0,
1391,1890-12-01,-5.3,1.7,7.0,59.0,
1392,1891-01-01,-6.0,2.9,64.0,36.0,
1393,1891-02-01,-2.0,2.8,11.0,84.0,
1394,1891-03-01,4.5,3.2,27.0,142.0,
1395,1891-04-01,7.4,2.3,53.0,136.0,
1396,1891-05-01,16.4,2.7,22.0,264.0,
1397,1891-06-01,17.3,2.5,101.0,209.0,
1398,1891-07-01,18.5,2.8,127.0,197.0,
1399,1891-08-01,17.5,2.6,71.0,220.0,
1400,1891-09-01,15.7,2.3,19.0,227.0,
1401,1891-10-01,11.7,2.0,14.0,157.0,
1402,1891-11-01,2.9,1.9,9.0,53.0,
1403,1891-12-01,1.5,3.3,53.0,61.0,
1404,1892-01-01,-1.0,3.3,49.0,71.0,
1405,1892-02-01,1.1,3.7,44.0,65.0,
1406,1892-03-01,1.9,3.0,44.0,168.0,
1407,1892-04-01,10.2,3.1,53.0,171.0,
1408,1892-05-01,14.2,2.7,80.0,220.0,
1409,1892-06-01,17.4,2.5,133.0,197.0,
1410,1892-07-01,18.7,2.6,96.0,262.0,
1411,1892-08-01,21.3,2.3,20.0,304.0,
1412,1892-09-01,16.1,2.2,101.0,184.0,
1413,1892-10-01,9.2,2.1,55.0,90.0,
1414,1892-11-01,1.8,1.7,11.0,73.0,
1415,1892-12-01,-1.8,3.1,15.0,75.0,
1416,1893-01-01,-7.7,3.4,99.0,67.0,
1417,1893-02-01,2.5,3.2,29.0,106.0,
1418,1893-03-01,5.8,4.0,37.0,150.0,
1419,1893-04-01,10.0,2.9,2.0,278.0,
1420,1893-05-01,13.9,3.0,51.0,235.0,
1421,1893-06-01,17.4,2.6,107.0,212.0,
1422,1893-07-01,19.3,2.2,73.0,291.0,
1423,1893-08-01,19.2,2.4,22.0,294.0,
1424,1893-09-01,15.3,2.2,21.0,184.0,
1425,1893-10-01,11.0,2.5,29.0,131.0,
1426,1893-11-01,2.8,2.7,61.0,66.0,
1427,1893-12-01,0.6,2.6,6.0,48.0,
1428,1894-01-01,-3.9,2.4,2.0,73.0,
1429,1894-02-01,2.9,4.9,19.0,115.0,
1430,1894-03-01,6.3,3.3,25.0,144.0,
1431,1894-04-01,12.9,2.3,68.0,240.0,
1432,1894-05-01,14.9,3.1,44.0,261.0,
1433,1894-06-01,16.1,3.8,94.0,205.0,
1434,1894-07-01,20.6,2.5,64.0,321.0,
1435,1894-08-01,18.3,2.6,75.0,238.0,
1436,1894-09-01,13.5,2.5,53.0,193.0,
1437,1894-10-01,10.2,2.4,103.0,89.0,
1438,1894-11-01,4.5,1.9,15.0,83.0,
1439,1894-12-01,-0.1,2.7,18.0,56.0,
1440,1895-01-01,-2.6,3.4,45.0,46.0,
1441,1895-02-01,-5.1,3.2,22.0,53.0,
1442,1895-03-01,2.6,3.3,57.0,85.0,
1443,1895-04-01,9.3,1.7,68.0,161.0,
1444,1895-05-01,13.7,2.5,110.0,275.0,
1445,1895-06-01,17.4,2.6,56.0,246.0,
1446,1895-07-01,20.5,2.3,80.0,290.0,
1447,1895-08-01,18.3,2.2,72.0,273.0,
1448,1895-09-01,16.3,2.1,19.0,238.0,
1449,1895-10-01,8.9,2.9,56.0,98.0,
1450,1895-11-01,5.4,2.0,8.0,70.0,
1451,1895-12-01,-0.3,3.3,137.0,48.0,
1452,1896-01-01,-4.5,2.6,39.0,44.0,
1453,1896-02-01,0.0,3.9,17.0,106.0,
1454,1896-03-01,6.2,2.8,57.0,157.0,
1455,1896-04-01,7.5,3.2,43.0,138.0,
1456,1896-05-01,12.7,3.2,100.0,191.0,
1457,1896-06-01,18.1,3.2,46.0,288.0,
1458,1896-07-01,19.7,2.5,80.0,282.0,
1459,1896-08-01,16.4,2.5,183.0,148.0,
1460,1896-09-01,15.0,2.2,21.0,165.0,
1461,1896-10-01,11.6,2.5,16.0,127.0,
1462,1896-11-01,3.2,3.4,32.0,85.0,
1463,1896-12-01,0.0,2.5,16.0,70.0,
1464,1897-01-01,-1.1,3.5,30.0,52.0,
1465,1897-02-01,2.4,3.6,40.0,82.0,
1466,1897-03-01,7.2,3.6,56.0,105.0,
1467,1897-04-01,9.6,3.0,65.0,155.0,
1468,1897-05-01,12.7,3.4,97.0,178.0,
1469,1897-06-01,18.7,2.7,79.0,277.0,
1470,1897-07-01,19.3,3.3,206.0,214.0,
1471,1897-08-01,19.0,2.3,39.0,254.0,
1472,1897-09-01,15.0,2.3,42.0,168.0,
1473,1897-10-01,8.4,2.7,51.0,104.0,
1474,1897-11-01,2.3,2.9,11.0,74.0,
1475,1897-12-01,-0.3,1.8,9.0,28.0,
1476,1898-01-01,0.6,2.9,25.0,61.0,
1477,1898-02-01,2.5,3.9,34.0,57.0,
1478,1898-03-01,5.8,3.2,45.0,142.0,
1479,1898-04-01,11.0,3.3,58.0,135.0,
1480,1898-05-01,14.4,2.2,126.0,209.0,
1481,1898-06-01,16.8,2.3,80.0,233.0,
1482,1898-07-01,17.9,3.0,63.0,269.0,
1483,1898-08-01,19.6,2.0,70.0,305.0,
1484,1898-09-01,15.2,2.0,46.0,206.0,
1485,1898-10-01,10.5,1.7,71.0,102.0,
1486,1898-11-01,6.2,2.4,15.0,48.0,
1487,1898-12-01,2.6,3.7,14.0,55.0,
1488,1899-01-01,2.5,3.1,28.0,61.0,
1489,1899-02-01,1.0,2.2,16.0,74.0,
1490,1899-03-01,4.1,3.3,16.0,191.0,
1491,1899-04-01,9.9,3.2,66.0,147.0,
1492,1899-05-01,13.5,3.2,120.0,196.0,
1493,1899-06-01,16.8,2.2,18.0,269.0,
1494,1899-07-01,19.4,2.8,62.0,245.0,
1495,1899-08-01,18.4,2.0,52.0,266.0,
1496,1899-09-01,14.7,2.4,111.0,159.0,
1497,1899-10-01,8.2,1.5,24.0,198.0,
1498,1899-11-01,6.5,3.7,15.0,88.0,
1499,1899-12-01,-4.5,3.0,73.0,46.0,
1500,1900-01-01,0.5,2.7,128.0,25.0,
1501,1900-02-01,3.7,2.2,24.0,65.0,
1502,1900-03-01,1.3,3.4,122.0,88.0,
1503,1900-04-01,8.4,2.6,74.0,202.0,
1504,1900-05-01,12.7,3.2,61.0,218.0,
1505,1900-06-01,17.7,2.8,78.0,264.0,
1506,1900-07-01,20.6,2.7,63.0,277.0,
1507,1900-08-01,18.1,2.4,37.0,206.0,
1508,1900-09-01,16.1,1.3,12.0,185.0,
1509,1900-10-01,10.0,2.0,79.0,145.0,
1510,1900-11-01,6.7,1.7,54.0,28.0,
1511,1900-12-01,1.6,2.9,58.0,50.0,
1512,1901-01-01,-4.4,3.6,23.0,71.0,
1513,1901-02-01,-3.4,3.0,31.0,100.0,
1514,1901-03-01,3.8,2.7,60.0,109.0,
1515,1901-04-01,10.3,3.3,65.0,205.0,
1516,1901-05-01,15.2,2.2,19.0,287.0,
1517,1901-06-01,18.9,3.1,24.0,280.0,
1518,1901-07-01,20.8,2.5,35.0,259.0,
1519,1901-08-01,19.0,3.3,42.0,225.0,
1520,1901-09-01,14.1,1.5,98.0,154.0,
1521,1901-10-01,11.2,2.4,40.0,116.0,
1522,1901-11-01,3.3,3.8,36.0,96.0,
1523,1901-12-01,3.2,3.1,34.0,41.0,
1524,1902-01-01,3.4,4.4,34.0,64.0,
1525,1902-02-01,0.0,2.1,50.0,51.0,
1526,1902-03-01,4.6,3.2,67.0,139.0,
1527,1902-04-01,9.0,2.0,25.0,177.0,
1528,1902-05-01,10.6,2.5,67.0,200.0,
1529,1902-06-01,16.3,2.9,92.0,223.0,
1530,1902-07-01,17.8,2.4,103.0,266.0,
1531,1902-08-01,18.0,2.4,54.0,249.0,
1532,1902-09-01,14.0,1.8,47.0,213.0,
1533,1902-10-01,8.6,2.0,39.0,76.0,
1534,1902-11-01,0.7,2.0,1.0,79.0,
1535,1902-12-01,-2.9,3.5,93.0,22.0,
1536,1903-01-01,-2.3,2.0,42.0,69.0,
1537,1903-02-01,4.6,3.9,29.0,106.0,
1538,1903-03-01,7.2,2.0,37.0,129.0,
1539,1903-04-01,6.8,3.2,95.0,135.0,
1540,1903-05-01,14.6,2.2,20.0,245.0,
1541,1903-06-01,16.7,2.4,89.0,218.0,
1542,1903-07-01,18.5,2.2,144.0,226.0,
1543,1903-08-01,18.1,1.9,114.0,246.0,
1544,1903-09-01,14.5,1.7,72.0,192.0,
1545,1903-10-01,10.6,2.7,57.0,104.0,
1546,1903-11-01,5.7,2.6,111.0,44.0,
1547,1903-12-01,0.3,2.5,57.0,9.0,
1548,1904-01-01,-1.9,2.7,5.0,20.0,
1549,1904-02-01,2.5,3.2,53.0,56.0,
1550,1904-03-01,4.5,2.4,47.0,88.0,
1551,1904-04-01,10.2,3.4,75.0,,
1552,1904-05-01,14.1,2.9,40.0,260.0,
1553,1904-06-01,17.9,2.2,34.0,269.0,
1554,1904-07-01,21.6,2.6,16.0,358.0,
1555,1904-08-01,19.8,2.5,55.0,264.0,
1556,1904-09-01,13.3,3.0,105.0,101.0,
1557,1904-10-01,9.5,3.0,109.0,76.0,
1558,1904-11-01,3.5,3.6,54.0,58.0,
1559,1904-12-01,1.7,4.2,60.0,51.0,
1560,1905-01-01,-2.6,5.8,14.0,87.0,
1561,1905-02-01,1.6,3.9,21.0,47.0,
1562,1905-03-01,5.9,2.2,69.0,76.0,
1563,1905-04-01,7.6,3.2,77.0,138.0,
1564,1905-05-01,14.2,2.2,49.0,215.0,
1565,1905-06-01,18.8,2.0,33.0,231.0,
1566,1905-07-01,20.9,2.3,80.0,293.0,
1567,1905-08-01,19.3,2.3,59.0,253.0,
1568,1905-09-01,16.0,1.8,27.0,149.0,
1569,1905-10-01,5.8,3.6,50.0,92.0,
1570,1905-11-01,4.8,2.7,136.0,34.0,
1571,1905-12-01,1.8,3.1,28.0,53.0,
1572,1906-01-01,0.5,3.3,16.0,71.0,
1573,1906-02-01,0.7,2.4,41.0,61.0,
1574,1906-03-01,4.9,4.8,71.0,145.0,
1575,1906-04-01,10.5,2.3,23.0,233.0,
1576,1906-05-01,15.1,2.3,57.0,234.0,
1577,1906-06-01,16.5,3.4,114.0,188.0,
1578,1906-07-01,19.1,3.3,102.0,219.0,
1579,1906-08-01,18.1,2.8,40.0,255.0,
1580,1906-09-01,13.7,3.2,121.0,132.0,
1581,1906-10-01,9.4,1.8,34.0,113.0,
1582,1906-11-01,7.4,4.0,59.0,99.0,
1583,1906-12-01,-1.3,4.1,49.0,53.0,
1584,1907-01-01,-0.6,5.3,41.0,58.0,
1585,1907-02-01,-0.9,5.0,9.0,71.0,
1586,1907-03-01,3.3,4.9,38.0,147.0,
1587,1907-04-01,7.1,3.3,100.0,109.0,
1588,1907-05-01,16.0,2.8,48.0,270.0,
1589,1907-06-01,18.0,3.4,52.0,234.0,
1590,1907-07-01,17.5,4.2,164.0,281.0,
1591,1907-08-01,18.6,2.7,50.0,258.0,
1592,1907-09-01,14.8,2.2,20.0,221.0,
1593,1907-10-01,13.6,2.5,50.0,152.0,
1594,1907-11-01,2.8,2.2,54.0,66.0,
1595,1907-12-01,2.3,3.0,77.0,56.0,
1596,1908-01-01,-2.1,3.1,30.0,68.0,
1597,1908-02-01,2.3,5.7,36.0,71.0,
1598,1908-03-01,3.8,2.5,22.0,109.0,
1599,1908-04-01,8.2,3.2,57.0,121.0,
1600,1908-05-01,16.8,2.9,60.0,225.0,
1601,1908-06-01,19.7,2.6,43.0,306.0,
1602,1908-07-01,19.2,3.2,90.0,280.0,
1603,1908-08-01,17.0,2.7,75.0,202.0,
1604,1908-09-01,13.2,2.3,31.0,211.0,
1605,1908-10-01,9.1,2.2,3.0,179.0,
1606,1908-11-01,0.7,2.6,25.0,100.0,
1607,1908-12-01,-1.4,2.7,14.0,27.0,
1608,1909-01-01,-1.9,3.1,22.0,80.0,
1609,1909-02-01,-2.2,4.5,71.0,55.0,
1610,1909-03-01,3.1,2.3,55.0,126.0,
1611,1909-04-01,10.2,3.2,46.0,214.0,
1612,1909-05-01,12.6,2.8,112.0,202.0,
1613,1909-06-01,16.6,2.9,46.0,233.0,
1614,1909-07-01,17.6,4.2,71.0,234.0,
1615,1909-08-01,18.8,2.7,71.0,222.0,
1616,1909-09-01,14.9,1.9,62.0,188.0,
1617,1909-10-01,11.2,2.1,25.0,105.0,
1618,1909-11-01,3.5,3.4,24.0,53.0,
1619,1909-12-01,1.8,2.2,56.0,43.0,
1620,1910-01-01,1.0,3.9,41.0,61.0,
1621,1910-02-01,3.2,2.9,47.0,68.0,
1622,1910-03-01,5.4,2.9,39.0,163.0,
1623,1910-04-01,8.9,3.9,48.0,182.0,
1624,1910-05-01,13.6,3.3,161.0,189.0,
1625,1910-06-01,17.9,2.8,97.0,230.0,
1626,1910-07-01,17.7,3.5,84.0,239.0,
1627,1910-08-01,17.8,3.2,105.0,227.0,
1628,1910-09-01,13.0,3.7,121.0,106.0,
1629,1910-10-01,9.8,2.6,23.0,138.0,
1630,1910-11-01,3.7,4.5,98.0,75.0,
1631,1910-12-01,3.7,3.1,39.0,31.0,
1632,1911-01-01,-0.8,4.7,26.0,89.0,
1633,1911-02-01,0.8,6.0,35.0,99.0,
1634,1911-03-01,5.3,3.4,51.0,129.0,
1635,1911-04-01,9.4,3.8,40.0,188.0,
1636,1911-05-01,13.9,3.3,166.0,210.0,
1637,1911-06-01,16.6,3.5,79.0,259.0,
1638,1911-07-01,21.1,2.0,36.0,310.0,
1639,1911-08-01,20.6,2.6,72.0,271.0,
1640,1911-09-01,15.8,2.7,53.0,205.0,
1641,1911-10-01,9.4,2.5,50.0,136.0,
1642,1911-11-01,6.0,2.3,24.0,59.0,
1643,1911-12-01,2.8,3.3,64.0,31.0,
1644,1912-01-01,-2.6,4.0,27.0,78.0,
1645,1912-02-01,3.0,3.0,50.0,61.0,
1646,1912-03-01,7.5,2.9,51.0,126.0,
1647,1912-04-01,8.2,3.7,52.0,192.0,
1648,1912-05-01,13.9,3.0,120.0,218.0,
1649,1912-06-01,18.0,3.2,91.0,200.0,
1650,1912-07-01,18.8,2.9,130.0,238.0,
1651,1912-08-01,16.5,3.7,51.0,190.0,
1652,1912-09-01,10.5,4.2,94.0,86.0,
1653,1912-10-01,7.2,3.0,42.0,89.0,
1654,1912-11-01,2.2,4.0,33.0,64.0,
1655,1912-12-01,2.9,3.7,19.0,55.0,
1656,1913-01-01,-1.7,3.0,30.0,43.0,
1657,1913-02-01,0.6,3.3,9.0,116.0,
1658,1913-03-01,7.3,3.2,22.0,161.0,
1659,1913-04-01,9.6,3.2,36.0,179.0,
1660,1913-05-01,13.5,3.1,52.0,216.0,
1661,1913-06-01,17.0,3.1,46.0,239.0,
1662,1913-07-01,16.1,3.3,155.0,190.0,
1663,1913-08-01,17.1,2.8,83.0,202.0,
1664,1913-09-01,14.3,2.4,56.0,157.0,
1665,1913-10-01,9.9,1.8,27.0,133.0,
1666,1913-11-01,6.8,2.9,93.0,52.0,
1667,1913-12-01,3.0,4.1,76.0,76.0,
1668,1914-01-01,-4.4,2.7,19.0,46.0,
1669,1914-02-01,-1.2,1.7,5.0,31.0,
1670,1914-03-01,6.1,4.3,46.0,109.0,
1671,1914-04-01,11.5,2.4,32.0,248.0,
1672,1914-05-01,13.7,2.9,80.0,191.0,
1673,1914-06-01,16.9,2.5,58.0,227.0,
1674,1914-07-01,18.2,3.5,134.0,240.0,
1675,1914-08-01,18.5,1.7,43.0,299.0,
1676,1914-09-01,14.2,3.4,78.0,163.0,
1677,1914-10-01,9.1,2.5,36.0,85.0,
1678,1914-11-01,3.7,2.7,27.0,49.0,
1679,1914-12-01,2.1,1.7,45.0,24.0,
1680,1915-01-01,1.7,3.7,90.0,42.0,
1681,1915-02-01,1.1,2.4,30.0,61.0,
1682,1915-03-01,3.1,3.6,79.0,96.0,
1683,1915-04-01,9.7,2.4,65.0,178.0,
1684,1915-05-01,15.0,2.1,41.0,210.0,
1685,1915-06-01,19.1,2.3,113.0,282.0,
1686,1915-07-01,18.4,2.5,101.0,219.0,
1687,1915-08-01,16.6,2.7,83.0,193.0,
1688,1915-09-01,12.9,2.7,74.0,187.0,
1689,1915-10-01,7.9,1.9,89.0,38.0,
1690,1915-11-01,2.5,2.9,49.0,62.0,
1691,1915-12-01,4.8,2.4,48.0,20.0,
1692,1916-01-01,4.9,3.8,66.0,60.0,
1693,1916-02-01,1.3,2.7,50.0,46.0,
1694,1916-03-01,7.7,2.0,33.0,93.0,
1695,1916-04-01,9.8,3.0,127.0,154.0,
1696,1916-05-01,14.9,2.6,61.0,277.0,
1697,1916-06-01,15.7,2.8,84.0,213.0,
1698,1916-07-01,18.8,2.6,165.0,241.0,
1699,1916-08-01,17.8,2.6,90.0,220.0,
1700,1916-09-01,13.3,2.8,86.0,155.0,
1701,1916-10-01,9.5,3.0,27.0,107.0,
1702,1916-11-01,6.2,2.8,26.0,53.0,
1703,1916-12-01,4.2,3.0,56.0,32.0,
1704,1917-01-01,-1.6,2.3,86.0,53.0,
1705,1917-02-01,-3.7,1.8,21.0,94.0,
1706,1917-03-01,2.2,3.2,44.0,66.0,
1707,1917-04-01,6.6,3.3,102.0,111.0,
1708,1917-05-01,15.8,2.6,20.0,305.0,
1709,1917-06-01,19.8,2.4,8.0,343.0,
1710,1917-07-01,20.6,3.2,47.0,273.0,
1711,1917-08-01,19.6,2.6,41.0,277.0,
1712,1917-09-01,16.8,2.2,13.0,253.0,
1713,1917-10-01,9.3,2.2,81.0,95.0,
1714,1917-11-01,5.6,3.0,46.0,52.0,
1715,1917-12-01,-1.2,3.1,65.0,29.0,
1716,1918-01-01,0.1,2.2,16.0,48.0,
1717,1918-02-01,1.8,3.6,34.0,79.0,
1718,1918-03-01,5.6,2.8,21.0,148.0,
1719,1918-04-01,12.0,2.5,55.0,141.0,
1720,1918-05-01,15.4,2.2,24.0,276.0,
1721,1918-06-01,15.4,3.3,138.0,226.0,
1722,1918-07-01,18.3,3.0,92.0,224.0,
1723,1918-08-01,17.9,3.3,128.0,192.0,
1724,1918-09-01,15.1,2.4,41.0,199.0,
1725,1918-10-01,9.6,2.5,100.0,87.0,
1726,1918-11-01,3.3,2.5,39.0,51.0,
1727,1918-12-01,3.1,2.7,94.0,21.0,
1728,1919-01-01,1.6,2.1,44.0,18.0,
1729,1919-02-01,0.2,2.5,24.0,72.0,
1730,1919-03-01,4.9,3.3,67.0,99.0,
1731,1919-04-01,7.8,3.8,68.0,113.0,
1732,1919-05-01,11.3,3.6,104.0,219.0,
1733,1919-06-01,16.9,3.1,72.0,233.0,
1734,1919-07-01,16.9,3.1,92.0,237.0,
1735,1919-08-01,18.5,2.8,48.0,254.0,
1736,1919-09-01,16.5,2.1,75.0,248.0,
1737,1919-10-01,8.0,2.5,53.0,93.0,
1738,1919-11-01,2.6,3.1,86.0,36.0,
1739,1919-12-01,1.9,3.3,58.0,32.0,
1740,1920-01-01,3.0,3.5,77.0,52.0,
1741,1920-02-01,3.5,3.0,34.0,127.0,
1742,1920-03-01,7.4,3.3,17.0,134.0,
1743,1920-04-01,12.4,4.0,50.0,187.0,
1744,1920-05-01,16.0,2.6,81.0,272.0,
1745,1920-06-01,16.0,2.7,105.0,156.0,
1746,1920-07-01,19.3,2.9,130.0,275.0,
1747,1920-08-01,16.9,3.2,136.0,196.0,
1748,1920-09-01,14.8,2.1,43.0,158.0,
1749,1920-10-01,7.1,2.1,1.0,169.0,
1750,1920-11-01,0.0,2.2,2.0,,
1751,1920-12-01,1.1,1.4,115.0,20.0,
1752,1921-01-01,5.0,4.2,67.0,87.0,
1753,1921-02-01,1.7,4.2,90.0,112.0,
1754,1921-03-01,6.6,3.1,2.0,251.0,
1755,1921-04-01,8.7,3.5,148.0,157.0,
1756,1921-05-01,16.1,3.2,47.0,300.0,
1757,1921-06-01,16.6,3.3,63.0,228.0,
1758,1921-07-01,20.7,3.0,46.0,288.0,
1759,1921-08-01,19.9,3.5,32.0,287.0,
1760,1921-09-01,14.9,2.7,27.0,252.0,
1761,1921-10-01,11.4,3.1,53.0,181.0,
1762,1921-11-01,1.7,3.1,37.0,46.0,
1763,1921-12-01,0.6,4.0,45.0,61.0,
1764,1922-01-01,-2.1,4.0,78.0,44.0,
1765,1922-02-01,-1.8,3.0,29.0,53.0,
1766,1922-03-01,5.9,3.3,35.0,136.0,
1767,1922-04-01,8.1,3.2,24.0,146.0,
1768,1922-05-01,15.3,3.8,30.0,282.0,
1769,1922-06-01,18.3,3.8,58.0,254.0,
1770,1922-07-01,18.9,4.3,34.0,304.0,
1771,1922-08-01,18.0,3.0,57.0,263.0,
1772,1922-09-01,12.6,3.3,181.0,90.0,
1773,1922-10-01,6.8,2.6,146.0,51.0,
1774,1922-11-01,3.1,4.0,31.0,74.0,
1775,1922-12-01,1.4,2.6,50.0,24.0,
1776,1923-01-01,1.9,4.1,53.0,38.0,
1777,1923-02-01,0.9,2.7,34.0,61.0,
1778,1923-03-01,5.7,2.4,69.0,154.0,
1779,1923-04-01,8.1,2.7,59.0,132.0,
1780,1923-05-01,15.2,2.4,37.0,272.0,
1781,1923-06-01,14.2,3.2,69.0,178.0,
1782,1923-07-01,20.6,2.2,53.0,306.0,
1783,1923-08-01,18.5,2.4,45.0,274.0,
1784,1923-09-01,14.6,2.2,50.0,173.0,
1785,1923-10-01,11.6,2.4,81.0,115.0,
1786,1923-11-01,5.3,1.5,35.0,32.0,
1787,1923-12-01,-0.4,3.2,86.0,34.0,
1788,1924-01-01,-2.4,2.7,22.0,36.0,
1789,1924-02-01,-2.1,3.5,33.0,66.0,
1790,1924-03-01,3.3,2.3,26.0,115.0,
1791,1924-04-01,8.5,2.9,70.0,116.0,
1792,1924-05-01,15.8,2.2,85.0,235.0,
1793,1924-06-01,16.9,2.7,108.0,209.0,
1794,1924-07-01,19.0,2.8,42.0,259.0,
1795,1924-08-01,16.6,2.8,49.0,189.0,
1796,1924-09-01,15.4,2.1,50.0,162.0,
1797,1924-10-01,10.0,2.2,23.0,138.0,
1798,1924-11-01,3.2,2.9,15.0,80.0,
1799,1924-12-01,0.1,1.4,13.0,34.0,
1800,1925-01-01,1.8,2.9,7.0,55.0,
1801,1925-02-01,4.4,2.7,24.0,65.0,
1802,1925-03-01,3.2,3.3,18.0,111.0,
1803,1925-04-01,10.1,2.3,61.0,171.0,
1804,1925-05-01,15.5,2.2,78.0,215.0,
1805,1925-06-01,16.4,2.9,130.0,196.0,
1806,1925-07-01,19.1,2.2,90.0,250.0,
1807,1925-08-01,18.1,2.9,87.0,207.0,
1808,1925-09-01,13.3,2.4,34.0,146.0,
1809,1925-10-01,9.5,2.2,35.0,132.0,
1810,1925-11-01,4.2,2.1,108.0,43.0,
1811,1925-12-01,-0.1,3.2,31.0,67.0,
1812,1926-01-01,-0.7,2.0,27.0,56.0,
1813,1926-02-01,4.5,2.0,52.0,65.0,
1814,1926-03-01,5.0,3.5,49.0,119.0,
1815,1926-04-01,11.1,3.0,31.0,231.0,
1816,1926-05-01,13.3,3.1,118.0,199.0,
1817,1926-06-01,15.5,4.5,146.0,162.0,
1818,1926-07-01,18.4,3.2,108.0,203.0,
1819,1926-08-01,17.5,2.7,31.0,265.0,
1820,1926-09-01,15.7,2.1,27.0,205.0,
1821,1926-10-01,10.0,2.3,43.0,120.0,
1822,1926-11-01,9.2,2.8,14.0,73.0,
1823,1926-12-01,1.2,5.2,60.0,39.0,
1824,1927-01-01,1.9,3.4,65.0,47.0,
1825,1927-02-01,0.8,3.4,7.0,115.0,
1826,1927-03-01,7.4,3.1,46.0,134.0,
1827,1927-04-01,9.8,4.2,84.0,169.0,
1828,1927-05-01,13.2,3.0,30.0,229.0,
1829,1927-06-01,17.9,3.3,77.0,278.0,
1830,1927-07-01,19.8,3.4,72.0,287.0,
1831,1927-08-01,19.2,3.6,66.0,248.0,
1832,1927-09-01,15.7,2.7,51.0,169.0,
1833,1927-10-01,9.7,3.0,24.0,163.0,
1834,1927-11-01,4.6,2.9,36.0,54.0,
1835,1927-12-01,-3.2,3.2,31.0,41.0,
1836,1928-01-01,0.9,2.7,19.0,46.0,
1837,1928-02-01,2.3,4.0,58.0,103.0,
1838,1928-03-01,2.8,3.6,30.0,127.0,
1839,1928-04-01,10.1,3.6,40.0,131.0,
1840,1928-05-01,11.7,3.3,92.0,244.0,
1841,1928-06-01,16.7,3.4,62.0,274.0,
1842,1928-07-01,21.8,2.6,26.0,341.0,
1843,1928-08-01,19.6,2.5,56.0,259.0,
1844,1928-09-01,15.0,2.2,76.0,169.0,
1845,1928-10-01,10.1,3.1,15.0,123.0,
1846,1928-11-01,7.6,3.1,46.0,73.0,
1847,1928-12-01,-0.1,2.8,76.0,54.0,
1848,1929-01-01,-4.6,3.1,55.0,67.0,
1849,1929-02-01,-9.7,1.9,27.0,100.0,
1850,1929-03-01,2.7,3.4,9.0,204.0,
1851,1929-04-01,6.4,3.7,35.0,166.0,
1852,1929-05-01,15.1,3.1,77.0,202.0,
1853,1929-06-01,17.3,3.7,73.0,239.0,
1854,1929-07-01,20.0,3.1,74.0,289.0,
1855,1929-08-01,19.5,2.6,30.0,254.0,
1856,1929-09-01,16.6,3.0,15.0,258.0,
1857,1929-10-01,11.2,3.0,41.0,134.0,
1858,1929-11-01,6.3,2.5,48.0,51.0,
1859,1929-12-01,2.8,3.1,48.0,44.0,
1860,1930-01-01,0.4,2.6,9.0,44.0,
1861,1930-02-01,-0.3,2.5,47.0,121.0,
1862,1930-03-01,6.5,3.0,58.0,127.0,
1863,1930-04-01,10.5,3.0,63.0,166.0,
1864,1930-05-01,14.1,3.6,47.0,240.0,
1865,1930-06-01,20.8,2.5,22.0,339.0,
1866,1930-07-01,19.4,3.8,42.0,251.0,
1867,1930-08-01,18.1,2.9,109.0,253.0,
1868,1930-09-01,15.7,2.3,40.0,132.0,
1869,1930-10-01,10.1,4.2,212.0,116.0,
1870,1930-11-01,6.9,3.0,64.0,91.0,
1871,1930-12-01,0.5,2.1,64.0,20.0,
1872,1931-01-01,0.6,3.2,19.0,65.0,
1873,1931-02-01,-0.3,3.2,58.0,32.0,
1874,1931-03-01,1.5,3.7,35.0,161.0,
1875,1931-04-01,7.4,2.8,39.0,207.0,
1876,1931-05-01,17.9,3.1,11.0,316.0,
1877,1931-06-01,19.5,3.5,73.0,293.0,
1878,1931-07-01,20.3,3.7,76.0,298.0,
1879,1931-08-01,17.6,3.8,107.0,194.0,
1880,1931-09-01,11.6,3.9,131.0,147.0,
1881,1931-10-01,8.4,3.4,43.0,174.0,
1882,1931-11-01,3.7,3.1,34.0,40.0,
1883,1931-12-01,0.5,3.8,34.0,58.0,
1884,1932-01-01,0.7,3.8,35.0,58.0,
1885,1932-02-01,-2.8,4.4,22.0,126.0,
1886,1932-03-01,1.1,3.6,28.0,154.0,
1887,1932-04-01,10.0,3.1,17.0,195.0,
1888,1932-05-01,15.2,3.9,71.0,242.0,
1889,1932-06-01,16.9,3.8,16.0,278.0,
1890,1932-07-01,21.0,3.1,64.0,271.0,
1891,1932-08-01,20.7,2.9,44.0,282.0,
1892,1932-09-01,18.7,2.6,8.0,210.0,
1893,1932-10-01,10.6,3.0,43.0,136.0,
1894,1932-11-01,4.6,2.8,50.0,57.0,
1895,1932-12-01,0.0,2.8,8.0,12.0,
1896,1933-01-01,-3.6,3.1,28.0,23.0,
1897,1933-02-01,1.5,3.9,58.0,75.0,
1898,1933-03-01,5.2,2.8,6.0,184.0,
1899,1933-04-01,8.5,3.2,33.0,156.0,
1900,1933-05-01,13.7,4.0,82.0,238.0,
1901,1933-06-01,16.0,3.9,39.0,259.0,
1902,1933-07-01,19.8,3.6,73.0,287.0,
1903,1933-08-01,19.5,3.2,65.0,286.0,
1904,1933-09-01,14.6,3.5,37.0,190.0,
1905,1933-10-01,9.7,2.8,72.0,116.0,
1906,1933-11-01,3.9,2.8,52.0,46.0,
1907,1933-12-01,-4.4,2.7,63.0,43.0,
1908,1934-01-01,-0.5,2.5,35.0,53.0,
1909,1934-02-01,1.5,4.1,45.0,134.0,
1910,1934-03-01,7.2,2.3,16.0,146.0,
1911,1934-04-01,12.6,2.8,23.0,233.0,
1912,1934-05-01,16.3,2.8,56.0,268.0,
1913,1934-06-01,17.8,3.2,58.0,243.0,
1914,1934-07-01,21.5,3.9,14.0,295.0,
1915,1934-08-01,19.4,2.8,106.0,194.0,
1916,1934-09-01,16.5,2.3,39.0,241.0,
1917,1934-10-01,10.1,3.4,31.0,84.0,
1918,1934-11-01,6.2,2.8,31.0,90.0,
1919,1934-12-01,5.5,2.4,48.0,17.0,
1920,1935-01-01,-2.3,3.4,36.0,46.0,
1921,1935-02-01,1.6,4.2,73.0,92.0,
1922,1935-03-01,3.1,3.3,49.0,163.0,
1923,1935-04-01,9.3,2.8,80.0,148.0,
1924,1935-05-01,12.6,3.0,90.0,274.0,
1925,1935-06-01,19.7,3.2,19.0,331.0,
1926,1935-07-01,20.1,3.5,46.0,280.0,
1927,1935-08-01,18.6,2.3,39.0,244.0,
1928,1935-09-01,15.5,2.8,23.0,227.0,
1929,1935-10-01,11.3,2.9,93.0,117.0,
1930,1935-11-01,5.4,3.3,26.0,72.0,
1931,1935-12-01,0.8,2.4,32.0,44.0,
1932,1936-01-01,2.9,2.3,40.0,66.0,
1933,1936-02-01,1.6,3.6,51.0,79.0,
1934,1936-03-01,6.5,2.3,33.0,125.0,
1935,1936-04-01,10.0,3.2,33.0,192.0,
1936,1936-05-01,15.0,2.6,176.0,182.0,
1937,1936-06-01,18.0,3.2,36.0,284.0,
1938,1936-07-01,20.1,3.1,81.0,264.0,
1939,1936-08-01,17.7,3.1,49.0,235.0,
1940,1936-09-01,14.7,3.4,18.0,178.0,
1941,1936-10-01,7.0,4.6,165.0,68.0,
1942,1936-11-01,4.0,2.4,19.0,48.0,
1943,1936-12-01,1.3,3.0,19.0,57.0,
1944,1937-01-01,-2.7,3.4,27.0,45.0,
1945,1937-02-01,2.2,3.1,44.0,55.0,
1946,1937-03-01,5.9,3.3,108.0,95.0,
1947,1937-04-01,9.5,3.3,64.0,103.0,
1948,1937-05-01,16.9,2.9,12.0,264.0,
1949,1937-06-01,19.1,3.3,78.0,229.0,
1950,1937-07-01,19.5,3.0,106.0,266.0,
1951,1937-08-01,18.7,3.0,116.0,213.0,
1952,1937-09-01,14.8,2.5,131.0,167.0,
1953,1937-10-01,10.9,3.1,28.0,125.0,
1954,1937-11-01,4.8,2.9,51.0,33.0,
1955,1937-12-01,0.4,2.6,61.0,38.0,
1956,1938-01-01,1.0,3.6,52.0,63.0,
1957,1938-02-01,1.8,2.8,16.0,136.0,
1958,1938-03-01,9.0,3.9,56.0,185.0,
1959,1938-04-01,6.8,3.9,36.0,165.0,
1960,1938-05-01,12.9,3.6,89.0,240.0,
1961,1938-06-01,19.2,3.4,30.0,265.0,
1962,1938-07-01,19.6,3.3,56.0,247.0,
1963,1938-08-01,19.1,3.2,242.0,190.0,
1964,1938-09-01,14.3,2.6,58.0,206.0,
1965,1938-10-01,10.7,3.2,20.0,134.0,
1966,1938-11-01,6.8,2.9,44.0,52.0,
1967,1938-12-01,-1.6,3.1,37.0,31.0,
1968,1939-01-01,1.3,2.8,34.0,49.0,
1969,1939-02-01,3.2,3.6,14.0,110.0,
1970,1939-03-01,2.5,3.9,75.0,115.0,
1971,1939-04-01,12.6,3.1,11.0,199.0,
1972,1939-05-01,13.0,3.8,135.0,147.0,
1973,1939-06-01,18.0,2.8,46.0,252.0,
1974,1939-07-01,19.7,3.3,83.0,298.0,
1975,1939-08-01,19.3,2.1,60.0,261.0,
1976,1939-09-01,14.6,2.3,45.0,198.0,
1977,1939-10-01,8.0,3.5,99.0,49.0,
1978,1939-11-01,5.5,4.4,66.0,27.0,
1979,1939-12-01,-0.6,4.2,55.0,73.0,
1980,1940-01-01,-8.3,3.3,36.0,76.0,
1981,1940-02-01,-6.3,3.2,28.0,74.0,
1982,1940-03-01,2.4,4.7,42.0,121.0,
1983,1940-04-01,9.8,3.7,20.0,204.0,
1984,1940-05-01,12.7,4.0,180.0,151.0,
1985,1940-06-01,18.0,4.7,99.0,251.0,
1986,1940-07-01,18.3,4.1,62.0,244.0,
1987,1940-08-01,16.2,3.7,78.0,190.0,
1988,1940-09-01,14.6,3.0,30.0,141.0,
1989,1940-10-01,9.2,3.5,43.0,88.0,
1990,1940-11-01,6.6,3.5,36.0,70.0,
1991,1940-12-01,-2.9,4.6,12.0,73.0,
1992,1941-01-01,-4.2,3.5,52.0,46.0,
1993,1941-02-01,0.6,3.2,89.0,85.0,
1994,1941-03-01,5.2,4.1,103.0,117.0,
1995,1941-04-01,8.0,3.5,113.0,112.0,
1996,1941-05-01,11.7,5.1,76.0,222.0,
1997,1941-06-01,17.3,3.9,56.0,257.0,
1998,1941-07-01,18.5,3.3,204.0,237.0,
1999,1941-08-01,17.4,3.7,54.0,246.0,
2000,1941-09-01,13.1,4.4,42.0,194.0,
2001,1941-10-01,8.9,4.0,101.0,108.0,
2002,1941-11-01,1.2,4.2,81.0,44.0,
2003,1941-12-01,2.0,6.1,17.0,81.0,
2004,1942-01-01,-9.1,3.3,37.0,48.0,
2005,1942-02-01,-3.8,3.1,37.0,33.0,
2006,1942-03-01,1.9,3.1,16.0,94.0,
2007,1942-04-01,8.4,4.3,91.0,100.0,
2008,1942-05-01,14.8,4.3,95.0,216.0,
2009,1942-06-01,16.8,4.5,104.0,260.0,
2010,1942-07-01,18.3,4.0,45.0,233.0,
2011,1942-08-01,19.3,2.7,35.0,295.0,
2012,1942-09-01,18.4,3.0,14.0,214.0,
2013,1942-10-01,12.1,3.8,58.0,177.0,
2014,1942-11-01,3.7,4.5,39.0,44.0,
2015,1942-12-01,2.0,2.6,6.0,80.0,
2016,1943-01-01,-3.6,3.6,30.0,48.0,
2017,1943-02-01,3.7,4.5,24.0,129.0,
2018,1943-03-01,6.5,4.0,43.0,228.0,
2019,1943-04-01,11.2,4.3,65.0,205.0,
2020,1943-05-01,13.7,4.3,30.0,274.0,
2021,1943-06-01,16.2,3.7,85.0,205.0,
2022,1943-07-01,19.3,3.1,132.0,287.0,
2023,1943-08-01,20.7,3.5,25.0,281.0,
2024,1943-09-01,16.4,3.1,30.0,192.0,
2025,1943-10-01,11.3,2.3,3.0,160.0,
2026,1943-11-01,3.9,3.4,57.0,76.0,
2027,1943-12-01,0.7,3.5,45.0,27.0,
2028,1944-01-01,3.7,5.5,53.0,60.0,
2029,1944-02-01,-0.6,4.5,46.0,64.0,
2030,1944-03-01,1.8,5.0,88.0,55.0,
2031,1944-04-01,10.3,3.5,20.0,166.0,
2032,1944-05-01,13.0,3.3,89.0,198.0,
2033,1944-06-01,16.6,3.3,155.0,201.0,
2034,1944-07-01,18.9,4.3,75.0,251.0,
2035,1944-08-01,21.0,2.6,36.0,310.0,
2036,1944-09-01,15.0,3.8,22.0,206.0,
2037,1944-10-01,10.5,3.4,157.0,83.0,
2038,1944-11-01,4.4,3.5,115.0,49.0,
2039,1944-12-01,-0.4,3.1,51.0,39.0,
2040,1945-01-01,-4.6,3.5,50.0,47.0,
2041,1945-02-01,3.2,4.0,61.0,100.0,
2042,1945-03-01,6.9,4.5,33.0,139.0,
2043,1945-04-01,10.9,4.2,54.0,195.0,
2044,1945-05-01,16.1,3.6,45.0,255.0,
2045,1945-06-01,19.2,3.6,50.0,264.0,
2046,1945-07-01,21.1,4.5,53.0,288.0,
2047,1945-08-01,19.4,4.4,40.0,221.0,
2048,1945-09-01,15.5,3.3,51.0,190.0,
2049,1945-10-01,10.3,3.9,71.0,134.0,
2050,1945-11-01,4.6,3.9,94.0,57.0,
2051,1945-12-01,1.9,3.7,28.0,45.0,
2052,1946-01-01,-3.4,4.2,38.0,58.0,
2053,1946-02-01,3.2,6.6,78.0,74.0,
2054,1946-03-01,6.1,3.2,24.0,157.0,
2055,1946-04-01,13.0,2.9,2.0,306.0,
2056,1946-05-01,17.3,3.0,44.0,274.0,
2057,1946-06-01,18.5,3.6,59.0,247.0,
2058,1946-07-01,21.3,3.6,122.0,298.0,
2059,1946-08-01,19.7,3.3,55.0,249.0,
2060,1946-09-01,16.8,3.2,16.0,234.0,
2061,1946-10-01,7.1,3.5,55.0,134.0,
2062,1946-11-01,4.1,2.9,56.0,49.0,
2063,1946-12-01,-1.5,2.4,75.0,58.0,
2064,1947-01-01,-5.7,3.0,34.0,63.0,
2065,1947-02-01,-5.0,3.0,73.0,12.0,
2066,1947-03-01,4.3,3.2,30.0,112.0,
2067,1947-04-01,12.2,3.2,34.0,220.0,
2068,1947-05-01,16.1,3.0,31.0,233.0,
2069,1947-06-01,19.6,3.2,29.0,268.0,
2070,1947-07-01,21.6,2.8,68.0,287.0,
2071,1947-08-01,19.8,2.9,45.0,266.0,
2072,1947-09-01,18.8,2.7,10.0,252.0,
2073,1947-10-01,8.3,2.6,7.0,186.0,
2074,1947-11-01,7.4,4.8,86.0,64.0,
2075,1947-12-01,2.6,3.7,120.0,31.0,
2076,1948-01-01,3.0,2.9,93.0,45.0,
2077,1948-02-01,0.8,4.3,110.0,89.0,
2078,1948-03-01,6.8,3.5,39.0,204.0,
2079,1948-04-01,12.1,3.4,16.0,211.0,
2080,1948-05-01,17.0,3.2,26.0,284.0,
2081,1948-06-01,17.4,4.2,62.0,236.0,
2082,1948-07-01,17.9,3.9,87.0,229.0,
2083,1948-08-01,19.1,3.0,77.0,245.0,
2084,1948-09-01,16.1,3.2,45.0,216.0,
2085,1948-10-01,10.4,2.8,51.0,95.0,
2086,1948-11-01,4.5,2.4,12.0,59.0,
2087,1948-12-01,-1.5,2.9,26.0,44.0,
2088,1949-01-01,1.7,4.4,33.0,77.0,
2089,1949-02-01,2.7,4.2,9.0,142.0,
2090,1949-03-01,2.9,4.6,22.0,169.0,
2091,1949-04-01,12.1,4.1,44.0,209.0,
2092,1949-05-01,15.1,3.0,120.0,207.0,
2093,1949-06-01,16.5,3.8,72.0,237.0,
2094,1949-07-01,19.7,3.3,53.0,249.0,
2095,1949-08-01,18.5,2.9,122.0,246.0,
2096,1949-09-01,16.5,1.6,10.0,236.0,
2097,1949-10-01,10.9,2.0,13.0,157.0,
2098,1949-11-01,5.6,3.1,127.0,39.0,
2099,1949-12-01,3.2,3.2,62.0,58.0,
2100,1950-01-01,-2.7,3.4,71.0,64.0,
2101,1950-02-01,2.0,3.5,26.0,74.0,
2102,1950-03-01,7.2,3.3,25.0,159.0,
2103,1950-04-01,10.3,3.1,38.0,167.0,
2104,1950-05-01,16.7,2.6,69.0,261.0,
2105,1950-06-01,20.4,3.0,12.0,279.0,
2106,1950-07-01,21.5,3.0,125.0,295.0,
2107,1950-08-01,19.8,2.4,44.0,292.0,
2108,1950-09-01,15.4,3.1,141.0,150.0,
2109,1950-10-01,8.1,2.7,104.0,124.0,
2110,1950-11-01,4.9,2.5,101.0,40.0,
2111,1950-12-01,0.5,2.1,50.0,33.0,
2112,1951-01-01,1.5,2.6,24.0,35.0,
2113,1951-02-01,3.5,3.5,20.0,94.0,
2114,1951-03-01,4.2,2.9,67.0,81.0,
2115,1951-04-01,10.4,3.5,28.0,235.0,
2116,1951-05-01,14.0,3.3,160.0,165.0,
2117,1951-06-01,18.1,2.8,86.0,241.0,
2118,1951-07-01,20.0,3.1,116.0,294.0,
2119,1951-08-01,20.3,2.8,60.0,288.0,
2120,1951-09-01,16.8,2.4,24.0,164.0,
2121,1951-10-01,8.7,2.2,1.0,171.0,
2122,1951-11-01,7.5,3.9,89.0,71.0,
2123,1951-12-01,2.2,2.9,35.0,58.0,
2124,1952-01-01,1.0,4.2,34.0,58.0,33.0
2125,1952-02-01,1.2,4.7,81.0,39.0,42.0
2126,1952-03-01,2.0,2.6,59.0,130.0,12.0
2127,1952-04-01,12.9,2.5,11.0,216.0,10.0
2128,1952-05-01,13.9,4.0,85.0,198.0,0.0
2129,1952-06-01,17.9,3.2,75.0,268.0,0.0
2130,1952-07-01,21.2,2.9,19.0,321.0,0.0
2131,1952-08-01,21.3,3.3,36.0,286.0,0.0
2132,1952-09-01,13.0,4.6,49.0,140.0,0.0
2133,1952-10-01,9.0,3.1,31.0,110.0,0.0
2134,1952-11-01,3.6,4.1,42.0,49.0,5.0
2135,1952-12-01,-0.7,2.6,17.0,30.0,10.0
2136,1953-01-01,-0.2,5.1,46.0,26.0,56.0
2137,1953-02-01,1.4,5.1,27.0,90.0,33.0
2138,1953-03-01,6.0,3.9,26.0,217.0,16.0
2139,1953-04-01,11.2,3.4,62.0,231.0,0.0
2140,1953-05-01,14.5,3.2,28.0,271.0,0.0
2141,1953-06-01,18.4,3.6,89.0,219.0,0.0
2142,1953-07-01,21.0,3.7,106.0,303.0,0.0
2143,1953-08-01,18.6,3.5,43.0,292.0,0.0
2144,1953-09-01,16.5,3.8,23.0,223.0,0.0
2145,1953-10-01,11.4,3.3,27.0,141.0,0.0
2146,1953-11-01,4.1,3.5,7.0,90.0,0.0
2147,1953-12-01,1.4,3.4,14.0,37.0,2.0
2148,1954-01-01,-4.2,4.6,55.0,66.0,56.0
2149,1954-02-01,-5.3,3.2,5.0,91.0,11.0
2150,1954-03-01,6.0,3.0,17.0,107.0,0.0
2151,1954-04-01,7.7,3.8,75.0,107.0,0.0
2152,1954-05-01,14.1,4.1,77.0,217.0,0.0
2153,1954-06-01,19.1,2.9,47.0,234.0,0.0
2154,1954-07-01,17.7,4.6,110.0,210.0,0.0
2155,1954-08-01,19.4,3.8,49.0,264.0,0.0
2156,1954-09-01,17.0,3.5,50.0,215.0,0.0
2157,1954-10-01,10.0,3.0,54.0,142.0,0.0
2158,1954-11-01,3.6,3.6,47.0,70.0,0.0
2159,1954-12-01,4.0,4.8,107.0,60.0,15.0
2160,1955-01-01,-1.6,3.3,24.0,45.0,15.0
2161,1955-02-01,0.0,3.2,37.0,57.0,31.0
2162,1955-03-01,2.4,3.7,47.0,100.0,63.0
2163,1955-04-01,8.2,4.3,87.0,191.0,5.0
2164,1955-05-01,13.7,4.1,43.0,240.0,0.0
2165,1955-06-01,17.0,3.7,43.0,220.0,0.0
2166,1955-07-01,19.7,3.6,64.0,229.0,0.0
2167,1955-08-01,18.2,3.4,138.0,195.0,0.0
2168,1955-09-01,15.3,2.4,46.0,222.0,0.0
2169,1955-10-01,9.9,3.2,41.0,119.0,0.0
2170,1955-11-01,4.8,5.6,23.0,44.0,3.0
2171,1955-12-01,3.8,4.2,33.0,48.0,6.0
2172,1956-01-01,0.8,3.7,20.0,110.0,16.0
2173,1956-02-01,-8.3,3.7,31.0,72.0,52.0
2174,1956-03-01,2.4,5.8,54.0,130.0,13.0
2175,1956-04-01,9.3,4.0,84.0,157.0,1.0
2176,1956-05-01,14.7,4.0,37.0,261.0,0.0
2177,1956-06-01,16.6,4.9,96.0,201.0,0.0
2178,1956-07-01,20.3,4.4,45.0,291.0,0.0
2179,1956-08-01,18.7,3.3,54.0,232.0,0.0
2180,1956-09-01,16.6,3.9,5.0,261.0,0.0
2181,1956-10-01,9.7,3.5,119.0,158.0,0.0
2182,1956-11-01,2.3,4.7,35.0,45.0,0.0
2183,1956-12-01,1.2,4.7,41.0,19.0,9.0
2184,1957-01-01,-0.9,3.3,39.0,52.0,26.0
2185,1957-02-01,4.1,3.4,58.0,61.0,0.0
2186,1957-03-01,7.4,3.8,48.0,154.0,5.0
2187,1957-04-01,10.0,3.3,27.0,180.0,0.0
2188,1957-05-01,12.4,3.8,12.0,228.0,0.0
2189,1957-06-01,20.2,3.4,19.0,270.0,0.0
2190,1957-07-01,20.5,4.8,130.0,217.0,0.0
2191,1957-08-01,17.9,3.4,70.0,254.0,0.0
2192,1957-09-01,14.0,3.7,60.0,139.0,0.0
2193,1957-10-01,9.6,2.2,5.0,179.0,0.0
2194,1957-11-01,5.9,3.9,55.0,52.0,0.0
2195,1957-12-01,1.6,3.9,40.0,36.0,0.0
2196,1958-01-01,0.2,3.6,34.0,77.0,4.0
2197,1958-02-01,3.5,5.3,57.0,63.0,48.0
2198,1958-03-01,0.5,4.0,73.0,127.0,79.0
2199,1958-04-01,7.8,4.0,25.0,151.0,0.0
2200,1958-05-01,18.1,3.4,18.0,260.0,0.0
2201,1958-06-01,17.1,3.6,149.0,214.0,0.0
2202,1958-07-01,20.2,3.6,50.0,274.0,0.0
2203,1958-08-01,19.3,2.8,99.0,247.0,0.0
2204,1958-09-01,15.7,2.8,24.0,193.0,0.0
2205,1958-10-01,10.7,3.5,66.0,86.0,0.0
2206,1958-11-01,5.7,2.4,27.0,14.0,0.0
2207,1958-12-01,2.6,2.9,70.0,62.0,6.0
2208,1959-01-01,0.5,3.7,25.0,76.0,11.0
2209,1959-02-01,0.2,3.1,19.0,103.0,7.0
2210,1959-03-01,7.7,2.6,35.0,128.0,0.0
2211,1959-04-01,11.1,3.9,87.0,194.0,0.0
2212,1959-05-01,14.7,3.3,46.0,238.0,0.0
2213,1959-06-01,17.6,3.6,151.0,228.0,0.0
2214,1959-07-01,20.4,3.6,151.0,216.0,0.0
2215,1959-08-01,18.9,3.3,104.0,255.0,0.0
2216,1959-09-01,14.1,2.2,5.0,243.0,0.0
2217,1959-10-01,9.5,3.1,11.0,197.0,0.0
2218,1959-11-01,4.9,2.9,59.0,59.0,0.0
2219,1959-12-01,3.2,3.3,105.0,27.0,22.0
2220,1960-01-01,-0.9,3.8,47.0,61.0,32.0
2221,1960-02-01,0.3,2.7,8.0,118.0,0.0
2222,1960-03-01,5.5,3.9,41.0,95.0,1.0
2223,1960-04-01,10.3,3.3,25.0,170.0,0.0
2224,1960-05-01,14.1,2.8,54.0,209.0,0.0
2225,1960-06-01,18.1,3.2,79.0,243.0,0.0
2226,1960-07-01,18.1,3.8,87.0,200.0,0.0
2227,1960-08-01,19.0,3.7,71.0,237.0,0.0
2228,1960-09-01,14.1,3.3,52.0,175.0,0.0
2229,1960-10-01,11.1,3.5,63.0,122.0,0.0
2230,1960-11-01,7.0,2.9,18.0,91.0,0.0
2231,1960-12-01,2.3,2.7,27.0,40.0,12.0
2232,1961-01-01,-2.1,2.2,9.0,93.0,10.0
2233,1961-02-01,3.9,4.3,68.0,54.0,0.0
2234,1961-03-01,8.8,5.4,32.0,166.0,3.0
2235,1961-04-01,13.3,3.3,65.0,222.0,0.0
2236,1961-05-01,13.2,3.9,84.0,226.0,0.0
2237,1961-06-01,19.1,3.5,48.0,279.0,0.0
2238,1961-07-01,18.5,3.4,83.0,258.0,0.0
2239,1961-08-01,19.5,3.2,28.0,271.0,0.0
2240,1961-09-01,17.7,2.2,22.0,249.0,0.0
2241,1961-10-01,11.6,2.9,59.0,140.0,0.0
2242,1961-11-01,4.4,2.9,61.0,53.0,1.0
2243,1961-12-01,-1.0,3.9,52.0,53.0,20.0
2244,1962-01-01,1.1,4.1,15.0,57.0,2.0
2245,1962-02-01,0.9,5.5,39.0,60.0,23.0
2246,1962-03-01,1.8,4.2,54.0,119.0,15.0
2247,1962-04-01,11.5,4.1,64.0,185.0,0.0
2248,1962-05-01,12.7,3.5,52.0,196.0,0.0
2249,1962-06-01,16.1,3.4,25.0,233.0,0.0
2250,1962-07-01,18.3,2.8,52.0,253.0,0.0
2251,1962-08-01,20.7,2.9,26.0,278.0,0.0
2252,1962-09-01,14.4,3.1,25.0,211.0,0.0
2253,1962-10-01,10.0,2.1,49.0,191.0,0.0
2254,1962-11-01,3.9,3.7,101.0,22.0,11.0
2255,1962-12-01,-3.2,3.0,42.0,57.0,30.0
2256,1963-01-01,-6.0,3.6,40.0,60.0,48.0
2257,1963-02-01,-4.4,2.7,22.0,79.0,57.0
2258,1963-03-01,3.1,3.2,47.0,123.0,0.0
2259,1963-04-01,11.2,3.4,29.0,187.0,0.0
2260,1963-05-01,14.8,2.9,70.0,250.0,0.0
2261,1963-06-01,18.7,3.3,53.0,246.0,0.0
2262,1963-07-01,21.4,2.7,11.0,300.0,0.0
2263,1963-08-01,19.6,3.5,85.0,231.0,0.0
2264,1963-09-01,16.4,3.2,49.0,174.0,0.0
2265,1963-10-01,9.9,3.3,24.0,144.0,0.0
2266,1963-11-01,7.8,3.5,30.0,75.0,0.0
2267,1963-12-01,-4.3,3.1,13.0,49.0,30.0
2268,1964-01-01,-4.7,3.6,7.0,64.0,12.0
2269,1964-02-01,0.5,5.6,29.0,96.0,4.0
2270,1964-03-01,1.2,2.3,72.0,61.0,37.0
2271,1964-04-01,11.8,4.2,61.0,183.0,0.0
2272,1964-05-01,14.9,2.9,68.0,229.0,0.0
2273,1964-06-01,20.1,3.0,42.0,261.0,0.0
2274,1964-07-01,20.9,3.0,37.0,287.0,0.0
2275,1964-08-01,18.4,4.1,52.0,229.0,0.0
2276,1964-09-01,15.9,4.0,20.0,191.0,0.0
2277,1964-10-01,9.0,3.5,132.0,119.0,0.0
2278,1964-11-01,6.5,3.7,26.0,33.0,0.0
2279,1964-12-01,-0.4,2.6,48.0,28.0,22.0
2280,1965-01-01,0.8,3.8,42.0,34.0,41.0
2281,1965-02-01,-2.0,5.3,47.0,96.0,80.0
2282,1965-03-01,4.4,3.5,44.0,142.0,15.0
2283,1965-04-01,9.2,3.7,131.0,133.0,0.0
2284,1965-05-01,13.2,4.2,131.0,150.0,0.0
2285,1965-06-01,17.8,3.1,193.0,225.0,0.0
2286,1965-07-01,18.5,3.5,84.0,215.0,0.0
2287,1965-08-01,17.3,3.0,57.0,221.0,0.0
2288,1965-09-01,15.6,3.2,48.0,169.0,0.0
2289,1965-10-01,8.5,1.6,0.0,173.0,0.0
2290,1965-11-01,2.4,3.6,29.0,52.0,7.0
2291,1965-12-01,3.0,3.5,68.0,67.0,15.0
2292,1966-01-01,-3.3,3.5,34.0,45.0,75.0
2293,1966-02-01,6.9,3.7,53.0,78.0,0.0
2294,1966-03-01,5.3,5.1,22.0,90.0,0.0
2295,1966-04-01,12.1,3.5,39.0,185.0,0.0
2296,1966-05-01,15.0,3.7,69.0,246.0,0.0
2297,1966-06-01,18.3,4.0,84.0,245.0,0.0
2298,1966-07-01,18.7,3.7,123.0,240.0,0.0
2299,1966-08-01,18.1,3.4,133.0,226.0,0.0
2300,1966-09-01,15.3,3.0,19.0,186.0,0.0
2301,1966-10-01,13.4,3.1,54.0,112.0,0.0
2302,1966-11-01,3.8,4.3,84.0,37.0,27.0
2303,1966-12-01,2.4,4.3,67.0,63.0,7.0
2304,1967-01-01,-0.3,4.7,36.0,77.0,38.0
2305,1967-02-01,3.1,4.8,31.0,117.0,1.0
2306,1967-03-01,7.2,5.3,44.0,147.0,0.0
2307,1967-04-01,9.9,4.1,32.0,178.0,0.0
2308,1967-05-01,15.0,4.0,91.0,238.0,0.0
2309,1967-06-01,17.8,4.0,26.0,283.0,0.0
2310,1967-07-01,21.6,2.5,71.0,307.0,0.0
2311,1967-08-01,19.1,2.6,44.0,235.0,0.0
2312,1967-09-01,16.1,2.7,97.0,158.0,0.0
2313,1967-10-01,11.9,2.7,15.0,154.0,0.0
2314,1967-11-01,4.5,3.2,22.0,99.0,1.0
2315,1967-12-01,1.4,5.6,61.0,66.0,25.0
2316,1968-01-01,-1.1,5.4,64.0,69.0,62.0
2317,1968-02-01,2.2,3.3,7.0,73.0,0.0
2318,1968-03-01,6.6,4.9,25.0,181.0,8.0
2319,1968-04-01,11.9,3.1,20.0,213.0,0.0
2320,1968-05-01,15.1,3.6,45.0,229.0,0.0
2321,1968-06-01,19.0,4.0,35.0,266.0,0.0
2322,1968-07-01,19.5,4.1,60.0,262.0,0.0
2323,1968-08-01,18.0,3.9,68.0,175.0,0.0
2324,1968-09-01,15.1,3.6,39.0,156.0,0.0
2325,1968-10-01,10.4,2.9,60.0,112.0,0.0
2326,1968-11-01,5.7,3.2,40.0,37.0,9.0
2327,1968-12-01,-1.9,3.6,42.0,41.0,22.0
2328,1969-01-01,-1.6,3.6,50.0,27.0,40.0
2329,1969-02-01,-0.5,3.8,55.0,57.0,41.0
2330,1969-03-01,2.6,3.4,57.0,101.0,41.0
2331,1969-04-01,10.6,4.0,18.0,240.0,0.0
2332,1969-05-01,17.5,3.6,30.0,279.0,0.0
2333,1969-06-01,17.2,4.4,156.0,198.0,0.0
2334,1969-07-01,20.3,3.2,42.0,305.0,0.0
2335,1969-08-01,18.0,3.5,75.0,205.0,0.0
2336,1969-09-01,15.9,2.6,30.0,182.0,0.0
2337,1969-10-01,11.4,3.4,8.0,175.0,0.0
2338,1969-11-01,6.9,4.2,67.0,97.0,2.0
2339,1969-12-01,-3.5,3.5,64.0,21.0,100.0
2340,1970-01-01,-2.0,4.1,12.0,23.0,14.0
2341,1970-02-01,0.4,4.7,109.0,64.0,57.0
2342,1970-03-01,3.8,4.3,45.0,91.0,41.0
2343,1970-04-01,9.4,4.6,48.0,143.0,8.0
2344,1970-05-01,13.1,4.3,20.0,212.0,0.0
2345,1970-06-01,19.0,3.6,55.0,240.0,0.0
2346,1970-07-01,19.5,4.2,121.0,243.0,0.0
2347,1970-08-01,19.1,2.9,53.0,205.0,0.0
2348,1970-09-01,15.1,3.2,24.0,212.0,0.0
2349,1970-10-01,9.2,4.2,86.0,105.0,0.0
2350,1970-11-01,7.3,4.0,105.0,70.0,0.0
2351,1970-12-01,1.0,3.8,29.0,51.0,21.0
2352,1971-01-01,-2.2,2.7,17.0,68.0,23.0
2353,1971-02-01,2.6,5.5,34.0,63.0,19.0
2354,1971-03-01,2.3,4.5,72.0,79.0,33.0
2355,1971-04-01,10.7,3.9,22.0,183.0,0.0
2356,1971-05-01,15.7,3.4,34.0,246.0,0.0
2357,1971-06-01,16.7,3.9,109.0,202.0,0.0
2358,1971-07-01,20.1,3.6,19.0,292.0,0.0
2359,1971-08-01,21.0,3.7,62.0,257.0,0.0
2360,1971-09-01,13.7,3.5,51.0,152.0,0.0
2361,1971-10-01,9.4,3.2,19.0,203.0,0.0
2362,1971-11-01,4.8,4.3,64.0,58.0,35.0
2363,1971-12-01,3.8,4.9,28.0,55.0,0.0
2364,1972-01-01,-2.2,3.7,31.0,31.0,28.0
2365,1972-02-01,2.8,4.1,21.0,31.0,0.0
2366,1972-03-01,7.4,3.9,31.0,168.0,11.0
2367,1972-04-01,9.6,3.9,86.0,101.0,0.0
2368,1972-05-01,14.3,2.9,131.0,159.0,0.0
2369,1972-06-01,18.5,4.0,22.0,233.0,0.0
2370,1972-07-01,20.0,3.7,114.0,217.0,0.0
2371,1972-08-01,18.4,3.7,67.0,194.0,0.0
2372,1972-09-01,12.8,3.0,30.0,145.0,0.0
2373,1972-10-01,7.7,3.6,34.0,138.0,0.0
2374,1972-11-01,5.3,3.9,32.0,95.0,6.0
2375,1972-12-01,0.3,3.7,3.0,90.0,0.0
2376,1973-01-01,-0.2,3.3,43.0,42.0,28.0
2377,1973-02-01,2.1,5.3,38.0,58.0,11.0
2378,1973-03-01,5.5,4.5,46.0,127.0,8.0
2379,1973-04-01,8.2,4.8,129.0,132.0,7.0
2380,1973-05-01,15.5,3.9,17.0,267.0,0.0
2381,1973-06-01,17.8,3.6,101.0,177.0,0.0
2382,1973-07-01,20.0,3.9,31.0,221.0,0.0
2383,1973-08-01,20.0,3.1,43.0,290.0,0.0
2384,1973-09-01,16.1,3.4,57.0,181.0,0.0
2385,1973-10-01,8.5,3.9,34.0,159.0,0.0
2386,1973-11-01,3.7,5.3,43.0,116.0,5.0
2387,1973-12-01,1.1,4.5,37.0,61.0,21.0
2388,1974-01-01,2.2,4.2,78.0,34.0,7.0
2389,1974-02-01,4.7,3.7,17.0,66.0,2.0
2390,1974-03-01,8.0,3.5,10.0,136.0,0.0
2391,1974-04-01,9.9,4.0,11.0,197.0,0.0
2392,1974-05-01,13.8,4.5,47.0,174.0,0.0
2393,1974-06-01,16.2,4.6,85.0,179.0,0.0
2394,1974-07-01,18.9,4.3,56.0,199.0,0.0
2395,1974-08-01,21.0,3.3,19.0,233.0,0.0
2396,1974-09-01,15.3,3.3,14.0,147.0,0.0
2397,1974-10-01,6.8,4.3,111.0,89.0,0.0
2398,1974-11-01,4.5,3.6,47.0,71.0,0.0
2399,1974-12-01,4.9,5.4,94.0,61.0,3.0
2400,1975-01-01,3.5,4.1,33.0,76.0,0.0
2401,1975-02-01,1.1,3.4,4.0,133.0,1.0
2402,1975-03-01,6.1,3.3,48.0,97.0,0.0
2403,1975-04-01,9.5,4.4,46.0,152.0,0.0
2404,1975-05-01,16.0,3.6,70.0,213.0,0.0
2405,1975-06-01,17.2,3.8,154.0,188.0,0.0
2406,1975-07-01,20.1,4.1,121.0,235.0,0.0
2407,1975-08-01,19.4,3.4,52.0,208.0,0.0
2408,1975-09-01,17.5,2.9,13.0,210.0,0.0
2409,1975-10-01,9.3,3.7,51.0,108.0,0.0
2410,1975-11-01,3.4,3.9,30.0,45.0,0.0
2411,1975-12-01,1.2,5.0,37.0,50.0,25.0
2412,1976-01-01,2.0,6.4,99.0,57.0,11.0
2413,1976-02-01,0.2,3.5,21.0,59.0,30.0
2414,1976-03-01,2.8,4.5,9.0,162.0,2.0
2415,1976-04-01,10.4,3.7,36.0,188.0,0.0
2416,1976-05-01,14.8,4.1,93.0,242.0,0.0
2417,1976-06-01,18.9,3.1,55.0,302.0,0.0
2418,1976-07-01,20.9,3.6,34.0,268.0,0.0
2419,1976-08-01,16.8,3.4,44.0,198.0,0.0
2420,1976-09-01,13.7,3.7,79.0,94.0,0.0
2421,1976-10-01,10.6,3.8,49.0,87.0,0.0
2422,1976-11-01,6.4,3.9,69.0,45.0,3.0
2423,1976-12-01,0.5,4.2,35.0,37.0,11.0
2424,1977-01-01,0.2,3.4,59.0,39.0,31.0
2425,1977-02-01,3.5,3.7,60.0,76.0,0.0
2426,1977-03-01,8.9,4.2,60.0,158.0,13.0
2427,1977-04-01,8.8,4.4,50.0,151.0,8.0
2428,1977-05-01,15.0,3.5,21.0,220.0,0.0
2429,1977-06-01,19.1,4.2,41.0,250.0,0.0
2430,1977-07-01,19.7,3.7,89.0,225.0,0.0
2431,1977-08-01,18.2,3.8,98.0,176.0,0.0
2432,1977-09-01,13.6,3.7,44.0,144.0,0.0
2433,1977-10-01,10.9,2.7,13.0,124.0,0.0
2434,1977-11-01,6.4,4.3,21.0,81.0,0.0
2435,1977-12-01,0.1,4.3,25.0,29.0,7.0
2436,1978-01-01,0.9,4.4,26.0,52.0,12.0
2437,1978-02-01,-0.6,3.9,30.0,52.0,39.0
2438,1978-03-01,6.9,4.8,39.0,123.0,0.0
2439,1978-04-01,8.8,3.5,30.0,167.0,0.0
2440,1978-05-01,13.3,4.6,98.0,153.0,0.0
2441,1978-06-01,17.3,3.8,46.0,221.0,0.0
2442,1978-07-01,18.1,3.6,36.0,218.0,0.0
2443,1978-08-01,18.1,3.7,28.0,237.0,0.0
2444,1978-09-01,14.9,5.1,44.0,158.0,0.0
2445,1978-10-01,10.5,3.9,21.0,124.0,0.0
2446,1978-11-01,2.5,3.4,32.0,33.0,30.0
2447,1978-12-01,1.1,3.9,20.0,31.0,6.0
2448,1979-01-01,-3.2,4.1,40.0,56.0,38.0
2449,1979-02-01,1.1,3.4,55.0,62.0,11.0
2450,1979-03-01,6.4,3.7,112.0,121.0,2.0
2451,1979-04-01,8.5,3.8,72.0,164.0,0.0
2452,1979-05-01,15.5,3.7,10.0,314.0,0.0
2453,1979-06-01,19.8,3.6,159.0,206.0,0.0
2454,1979-07-01,17.7,4.0,64.0,147.0,0.0
2455,1979-08-01,18.4,3.5,35.0,229.0,0.0
2456,1979-09-01,15.1,3.5,33.0,205.0,0.0
2457,1979-10-01,8.3,3.8,15.0,154.0,0.0
2458,1979-11-01,5.0,4.2,107.0,39.0,0.0
2459,1979-12-01,4.8,4.1,45.0,49.0,4.0
2460,1980-01-01,-3.1,3.6,25.0,48.0,36.0
2461,1980-02-01,2.6,3.7,38.0,87.0,2.0
2462,1980-03-01,4.2,4.0,39.0,92.0,19.0
2463,1980-04-01,7.3,4.5,125.0,120.0,1.0
2464,1980-05-01,12.5,3.7,18.0,240.0,0.0
2465,1980-06-01,17.7,4.7,53.0,190.0,0.0
2466,1980-07-01,18.5,4.5,73.0,175.0,0.0
2467,1980-08-01,19.2,3.6,40.0,209.0,0.0
2468,1980-09-01,14.7,3.2,40.0,133.0,0.0
2469,1980-10-01,9.5,3.7,73.0,117.0,0.0
2470,1980-11-01,3.4,3.8,75.0,66.0,29.0
2471,1980-12-01,1.3,4.8,25.0,83.0,34.0
2472,1981-01-01,-0.7,4.9,23.0,92.0,28.0
2473,1981-02-01,1.8,4.2,19.0,105.0,12.0
2474,1981-03-01,8.7,4.2,21.0,129.0,1.0
2475,1981-04-01,9.9,3.6,21.0,190.0,0.0
2476,1981-05-01,15.2,3.8,43.0,197.0,0.0
2477,1981-06-01,19.0,4.4,48.0,204.0,0.0
2478,1981-07-01,19.5,4.4,83.0,200.0,0.0
2479,1981-08-01,19.7,3.4,38.0,240.0,0.0
2480,1981-09-01,15.5,3.0,99.0,150.0,0.0
2481,1981-10-01,10.4,3.6,44.0,116.0,0.0
2482,1981-11-01,5.5,4.9,57.0,57.0,4.0
2483,1981-12-01,-0.2,4.6,70.0,42.0,78.0
2484,1982-01-01,-3.1,4.2,57.0,40.0,27.0
2485,1982-02-01,-1.1,3.5,14.0,72.0,15.0
2486,1982-03-01,6.3,3.7,22.0,170.0,1.0
2487,1982-04-01,8.3,4.4,18.0,195.0,0.0
2488,1982-05-01,15.4,3.8,62.0,245.0,0.0
2489,1982-06-01,19.0,3.9,60.0,238.0,0.0
2490,1982-07-01,20.6,3.4,72.0,210.0,0.0
2491,1982-08-01,20.0,3.5,20.0,212.0,0.0
2492,1982-09-01,18.0,2.8,30.0,208.0,0.0
2493,1982-10-01,10.7,2.9,57.0,87.0,0.0
2494,1982-11-01,5.4,3.0,8.0,73.0,0.0
2495,1982-12-01,2.8,4.0,52.0,29.0,8.0
2496,1983-01-01,5.2,5.8,58.0,58.0,0.0
2497,1983-02-01,-0.9,3.9,48.0,97.0,45.0
2498,1983-03-01,6.8,4.6,8.0,134.0,0.0
2499,1983-04-01,12.0,4.0,67.0,145.0,0.0
2500,1983-05-01,15.9,4.1,69.0,223.0,0.0
2501,1983-06-01,18.2,3.6,108.0,214.0,0.0
2502,1983-07-01,23.3,3.5,6.0,296.0,0.0
2503,1983-08-01,20.5,3.4,29.0,219.0,0.0
2504,1983-09-01,15.9,3.4,52.0,215.0,0.0
2505,1983-10-01,10.7,3.3,27.0,163.0,0.0
2506,1983-11-01,3.0,3.6,18.0,89.0,0.0
2507,1983-12-01,1.1,4.2,19.0,78.0,7.0
2508,1984-01-01,1.5,4.2,29.0,83.0,22.0
2509,1984-02-01,0.6,3.9,60.0,50.0,27.0
2510,1984-03-01,4.2,4.2,48.0,148.0,9.0
2511,1984-04-01,9.2,4.0,51.0,162.0,0.0
2512,1984-05-01,13.7,3.4,57.0,162.0,0.0
2513,1984-06-01,17.2,3.9,40.0,209.0,0.0
2514,1984-07-01,18.2,3.6,73.0,213.0,0.0
2515,1984-08-01,18.9,3.2,45.0,262.0,0.0
2516,1984-09-01,14.7,3.1,69.0,104.0,0.0
2517,1984-10-01,11.0,2.8,47.0,117.0,0.0
2518,1984-11-01,5.6,3.4,38.0,63.0,0.0
2519,1984-12-01,0.6,2.8,30.0,24.0,37.0
2520,1985-01-01,-5.5,3.2,40.0,51.0,29.0
2521,1985-02-01,-2.5,4.4,29.0,97.0,12.0
2522,1985-03-01,4.0,3.1,47.0,68.0,23.0
2523,1985-04-01,10.5,4.2,17.0,178.0,0.0
2524,1985-05-01,16.1,3.9,70.0,190.0,0.0
2525,1985-06-01,16.3,3.7,66.0,179.0,0.0
2526,1985-07-01,20.8,3.1,37.0,281.0,0.0
2527,1985-08-01,19.5,3.6,132.0,214.0,0.0
2528,1985-09-01,15.9,2.9,27.0,221.0,0.0
2529,1985-10-01,9.7,3.0,16.0,138.0,0.0
2530,1985-11-01,2.2,2.9,103.0,57.0,61.0
2531,1985-12-01,3.7,3.4,64.0,21.0,5.0
2532,1986-01-01,0.7,4.6,43.0,77.0,18.0
2533,1986-02-01,-4.9,3.5,36.0,73.0,39.0
2534,1986-03-01,3.7,3.1,14.0,87.0,0.0
2535,1986-04-01,11.6,3.6,14.0,163.0,1.0
2536,1986-05-01,17.2,3.7,54.0,234.0,0.0
2537,1986-06-01,18.2,3.8,57.0,250.0,0.0
2538,1986-07-01,19.6,3.2,37.0,251.0,0.0
2539,1986-08-01,20.0,3.4,136.0,241.0,0.0
2540,1986-09-01,15.0,2.9,34.0,211.0,0.0
2541,1986-10-01,10.4,3.0,33.0,179.0,0.0
2542,1986-11-01,5.4,3.0,41.0,72.0,0.0
2543,1986-12-01,0.6,4.5,47.0,49.0,51.0
2544,1987-01-01,-4.4,4.4,86.0,58.0,70.0
2545,1987-02-01,0.3,3.1,73.0,79.0,0.0
2546,1987-03-01,0.3,3.5,53.0,141.0,48.0
2547,1987-04-01,10.8,3.8,17.0,166.0,0.0
2548,1987-05-01,13.2,3.7,108.0,157.0,0.0
2549,1987-06-01,17.9,4.0,119.0,194.0,0.0
2550,1987-07-01,20.9,3.2,75.0,280.0,0.0
2551,1987-08-01,18.0,3.1,44.0,193.0,0.0
2552,1987-09-01,17.8,3.1,37.0,169.0,0.0
2553,1987-10-01,10.8,3.7,27.0,110.0,0.0
2554,1987-11-01,5.5,3.6,29.0,47.0,0.0
2555,1987-12-01,2.9,4.6,63.0,63.0,0.0
2556,1988-01-01,3.0,3.2,19.0,50.0,0.0
2557,1988-02-01,3.3,4.2,69.0,97.0,43.0
2558,1988-03-01,4.1,4.3,68.0,107.0,12.0
2559,1988-04-01,10.2,3.4,28.0,195.0,0.0
2560,1988-05-01,16.2,3.3,42.0,214.0,0.0
2561,1988-06-01,17.9,3.3,34.0,213.0,0.0
2562,1988-07-01,21.3,3.4,57.0,292.0,0.0
2563,1988-08-01,20.2,3.0,65.0,259.0,0.0
2564,1988-09-01,15.3,3.4,92.0,123.0,0.0
2565,1988-10-01,10.4,3.0,10.0,131.0,0.0
2566,1988-11-01,1.7,4.1,50.0,70.0,9.0
2567,1988-12-01,3.7,5.5,71.0,84.0,8.0
2568,1989-01-01,1.3,2.8,15.0,82.0,3.0
2569,1989-02-01,4.9,3.8,29.0,60.0,0.0
2570,1989-03-01,8.7,3.2,23.0,145.0,0.0
2571,1989-04-01,10.9,4.5,89.0,140.0,0.0
2572,1989-05-01,14.9,3.6,92.0,241.0,0.0
2573,1989-06-01,16.7,3.6,82.0,182.0,0.0
2574,1989-07-01,20.7,3.0,51.0,210.0,0.0
2575,1989-08-01,19.5,3.4,142.0,187.0,0.0
2576,1989-09-01,15.6,3.3,55.0,152.0,0.0
2577,1989-10-01,10.9,3.1,25.0,179.0,0.0
2578,1989-11-01,3.5,3.9,24.0,100.0,8.0
2579,1989-12-01,2.1,3.1,6.0,87.0,1.0
2580,1990-01-01,0.6,3.0,3.0,47.0,0.0
2581,1990-02-01,5.7,3.3,73.0,141.0,4.0
2582,1990-03-01,9.5,4.2,33.0,167.0,0.0
2583,1990-04-01,9.3,3.6,91.0,144.0,0.0
2584,1990-05-01,16.3,2.8,42.0,272.0,0.0
2585,1990-06-01,18.3,3.5,65.0,197.0,0.0
2586,1990-07-01,19.8,3.2,50.0,266.0,0.0
2587,1990-08-01,21.2,3.1,14.0,296.0,0.0
2588,1990-09-01,13.8,3.3,69.0,124.0,0.0
2589,1990-10-01,10.6,3.0,33.0,153.0,0.0
2590,1990-11-01,6.3,3.3,51.0,47.0,0.0
2591,1990-12-01,0.7,4.0,44.0,32.0,33.0
2592,1991-01-01,1.2,2.6,6.0,80.0,0.0
2593,1991-02-01,-2.1,2.9,16.0,107.0,29.0
2594,1991-03-01,7.2,3.0,26.0,86.0,0.0
2595,1991-04-01,9.3,3.3,27.0,152.0,0.0
2596,1991-05-01,12.0,4.1,178.0,168.0,0.0
2597,1991-06-01,17.7,3.7,48.0,235.0,0.0
2598,1991-07-01,21.7,3.6,81.0,249.0,0.0
2599,1991-08-01,20.3,3.3,50.0,215.0,0.0
2600,1991-09-01,16.8,3.1,16.0,173.0,0.0
2601,1991-10-01,9.2,3.6,30.0,155.0,0.0
2602,1991-11-01,5.0,3.4,75.0,54.0,0.0
2603,1991-12-01,-0.1,3.8,85.0,74.0,16.0
2604,1992-01-01,2.4,4.4,29.0,69.0,5.0
2605,1992-02-01,3.9,4.5,48.0,96.0,15.0
2606,1992-03-01,6.1,3.7,98.0,138.0,1.0
2607,1992-04-01,10.5,3.7,33.0,180.0,0.0
2608,1992-05-01,15.6,3.2,19.0,273.0,0.0
2609,1992-06-01,19.2,3.3,72.0,194.0,0.0
2610,1992-07-01,21.5,3.3,48.0,292.0,0.0
2611,1992-08-01,24.3,3.1,20.0,307.0,0.0
2612,1992-09-01,15.9,3.3,44.0,208.0,0.0
2613,1992-10-01,8.8,3.2,70.0,90.0,0.0
2614,1992-11-01,5.5,3.4,82.0,53.0,0.0
2615,1992-12-01,0.4,3.7,39.0,39.0,0.0
2616,1993-01-01,2.0,3.7,44.0,120.0,22.0
2617,1993-02-01,-1.2,3.6,59.0,114.0,44.0
2618,1993-03-01,4.3,3.8,46.0,162.0,16.0
2619,1993-04-01,10.8,3.3,20.0,194.0,0.0
2620,1993-05-01,17.5,3.0,22.0,297.0,0.0
2621,1993-06-01,18.8,3.5,61.0,241.0,0.0
2622,1993-07-01,19.3,3.7,87.0,232.0,0.0
2623,1993-08-01,19.7,2.9,99.0,267.0,0.0
2624,1993-09-01,14.8,3.3,40.0,185.0,0.0
2625,1993-10-01,10.3,2.7,65.0,85.0,0.0
2626,1993-11-01,1.5,3.1,48.0,30.0,19.0
2627,1993-12-01,2.9,3.3,53.0,48.0,21.0
2628,1994-01-01,4.3,3.5,31.0,85.0,0.0
2629,1994-02-01,1.0,2.7,8.0,116.0,7.0
2630,1994-03-01,8.5,3.8,48.0,142.0,0.0
2631,1994-04-01,10.3,3.5,103.0,196.0,0.0
2632,1994-05-01,15.1,3.2,58.0,207.0,0.0
2633,1994-06-01,19.2,3.6,44.0,243.0,0.0
2634,1994-07-01,23.2,2.5,76.0,336.0,0.0
2635,1994-08-01,21.3,3.3,76.0,274.0,0.0
2636,1994-09-01,17.2,2.9,22.0,187.0,0.0
2637,1994-10-01,8.2,3.0,42.0,132.0,0.0
2638,1994-11-01,7.1,3.6,67.0,60.0,0.0
2639,1994-12-01,2.4,3.5,41.0,75.0,13.0
2640,1995-01-01,0.3,4.2,30.0,76.0,22.0
2641,1995-02-01,5.8,3.9,33.0,98.0,0.0
2642,1995-03-01,4.7,4.1,65.0,144.0,9.0
2643,1995-04-01,10.8,4.4,82.0,174.0,0.0
2644,1995-05-01,14.9,3.6,58.0,262.0,0.0
2645,1995-06-01,17.4,3.4,119.0,193.0,0.0
2646,1995-07-01,22.9,2.9,24.0,326.0,0.0
2647,1995-08-01,19.6,3.0,74.0,235.0,0.0
2648,1995-09-01,14.1,3.7,129.0,167.0,0.0
2649,1995-10-01,11.3,2.3,11.0,135.0,0.0
2650,1995-11-01,2.5,4.1,73.0,38.0,17.0
2651,1995-12-01,-0.2,3.0,78.0,23.0,43.0
2652,1996-01-01,-2.7,3.1,49.0,29.0,45.0
2653,1996-02-01,-2.6,3.5,40.0,111.0,17.0
2654,1996-03-01,2.0,3.4,31.0,102.0,23.0
2655,1996-04-01,9.9,3.0,111.0,202.0,23.0
2656,1996-05-01,15.6,3.3,85.0,208.0,0.0
2657,1996-06-01,19.1,3.3,72.0,299.0,0.0
2658,1996-07-01,18.6,3.4,28.0,261.0,0.0
2659,1996-08-01,18.8,2.9,66.0,214.0,0.0
2660,1996-09-01,12.3,3.8,137.0,84.0,0.0
2661,1996-10-01,11.0,3.3,51.0,137.0,0.0
2662,1996-11-01,6.9,3.3,22.0,92.0,1.0
2663,1996-12-01,-2.3,3.1,26.0,62.0,18.0
2664,1997-01-01,-2.4,2.6,14.0,28.0,15.0
2665,1997-02-01,3.8,3.6,23.0,131.0,0.0
2666,1997-03-01,5.7,3.4,91.0,156.0,12.0
2667,1997-04-01,7.8,4.2,64.0,206.0,6.0
2668,1997-05-01,15.9,3.6,71.0,256.0,0.0
2669,1997-06-01,18.7,3.5,43.0,240.0,0.0
2670,1997-07-01,19.2,3.8,244.0,199.0,0.0
2671,1997-08-01,20.2,2.7,31.0,297.0,0.0
2672,1997-09-01,15.4,2.6,22.0,271.0,0.0
2673,1997-10-01,8.1,3.1,28.0,157.0,0.0
2674,1997-11-01,5.4,2.9,74.0,85.0,2.0
2675,1997-12-01,2.6,3.6,53.0,23.0,0.0
2676,1998-01-01,2.2,3.5,29.0,74.0,12.0
2677,1998-02-01,6.1,4.1,4.0,167.0,0.0
2678,1998-03-01,5.3,4.0,65.0,167.0,2.0
2679,1998-04-01,11.8,4.0,31.0,202.0,0.0
2680,1998-05-01,15.7,3.5,43.0,253.0,0.0
2681,1998-06-01,19.8,3.5,62.0,246.0,0.0
2682,1998-07-01,20.3,3.4,136.0,229.0,0.0
2683,1998-08-01,20.5,2.7,38.0,277.0,0.0
2684,1998-09-01,14.5,3.6,120.0,126.0,0.0
2685,1998-10-01,10.7,3.1,94.0,93.0,0.0
2686,1998-11-01,2.7,3.0,35.0,96.0,2.0
2687,1998-12-01,-0.7,3.4,33.0,50.0,15.0
2688,1999-01-01,0.7,3.1,17.0,58.0,4.0
2689,1999-02-01,1.0,5.6,112.0,77.0,41.0
2690,1999-03-01,7.1,3.4,31.0,175.0,0.0
2691,1999-04-01,11.7,3.1,48.0,198.0,0.0
2692,1999-05-01,15.8,3.2,90.0,247.0,0.0
2693,1999-06-01,18.1,3.6,60.0,243.0,0.0
2694,1999-07-01,21.1,3.8,79.0,261.0,0.0
2695,1999-08-01,19.1,2.8,73.0,238.0,0.0
2696,1999-09-01,17.5,2.8,60.0,205.0,0.0
2697,1999-10-01,10.7,4.2,16.0,136.0,0.0
2698,1999-11-01,3.5,3.5,52.0,53.0,7.0
2699,1999-12-01,1.6,4.1,66.0,72.0,23.0
2700,2000-01-01,-0.7,4.4,44.0,66.0,22.0
2701,2000-02-01,4.9,4.4,35.0,127.0,3.0
2702,2000-03-01,6.4,4.5,80.0,113.0,3.0
2703,2000-04-01,13.6,4.1,11.0,278.0,0.0
2704,2000-05-01,17.4,3.6,50.0,305.0,0.0
2705,2000-06-01,20.3,3.7,22.0,322.0,0.0
2706,2000-07-01,18.9,4.0,65.0,173.0,0.0
2707,2000-08-01,21.5,2.8,54.0,297.0,0.0
2708,2000-09-01,15.2,3.8,46.0,176.0,0.0
2709,2000-10-01,12.7,3.8,54.0,139.0,0.0
2710,2000-11-01,7.6,3.0,33.0,81.0,0.0
2711,2000-12-01,2.5,3.3,42.0,39.0,5.0
2712,2001-01-01,0.5,3.5,19.0,68.0,4.0
2713,2001-02-01,3.1,3.9,19.0,123.0,10.0
2714,2001-03-01,7.1,4.1,49.0,108.0,3.0
2715,2001-04-01,9.8,3.8,32.0,187.0,0.0
2716,2001-05-01,17.2,3.5,30.0,305.0,0.0
2717,2001-06-01,17.4,4.1,47.0,218.0,0.0
2718,2001-07-01,20.9,3.9,80.0,230.0,0.0
2719,2001-08-01,21.6,3.5,43.0,293.0,0.0
2720,2001-09-01,13.6,4.1,99.0,114.0,0.0
2721,2001-10-01,13.1,2.9,9.0,122.0,0.0
2722,2001-11-01,4.2,4.2,55.0,83.0,0.0
2723,2001-12-01,-1.6,3.8,52.0,63.0,8.0
2724,2002-01-01,1.4,3.7,13.0,77.0,1.0
2725,2002-02-01,6.1,4.3,34.0,100.0,0.0
2726,2002-03-01,7.2,3.8,66.0,203.0,0.0
2727,2002-04-01,10.2,3.7,57.0,177.0,0.0
2728,2002-05-01,17.6,3.8,47.0,258.0,0.0
2729,2002-06-01,20.5,3.5,71.0,283.0,0.0
2730,2002-07-01,21.7,3.1,52.0,293.0,0.0
2731,2002-08-01,20.4,3.3,207.0,226.0,0.0
2732,2002-09-01,14.6,3.2,41.0,204.0,0.0
2733,2002-10-01,9.1,3.2,92.0,99.0,0.0
2734,2002-11-01,7.5,3.1,69.0,49.0,0.0
2735,2002-12-01,-0.5,3.4,64.0,30.0,10.0
2736,2003-01-01,-0.4,4.2,68.0,64.0,40.0
2737,2003-02-01,-1.7,3.1,1.0,134.0,4.0
2738,2003-03-01,6.4,3.7,14.0,184.0,1.0
2739,2003-04-01,10.1,3.9,28.0,225.0,0.0
2740,2003-05-01,17.8,3.8,111.0,285.0,0.0
2741,2003-06-01,22.5,3.2,29.0,320.0,0.0
2742,2003-07-01,21.7,3.7,36.0,256.0,0.0
2743,2003-08-01,23.5,2.9,19.0,323.0,0.0
2744,2003-09-01,15.8,3.5,43.0,246.0,0.0
2745,2003-10-01,7.9,4.1,36.0,125.0,8.0
2746,2003-11-01,6.7,3.5,25.0,69.0,0.0
2747,2003-12-01,1.1,3.9,37.0,73.0,1.0
2748,2004-01-01,-1.5,3.8,72.0,94.0,45.0
2749,2004-02-01,3.2,5.2,89.0,93.0,31.0
2750,2004-03-01,4.5,4.5,90.0,147.0,33.0
2751,2004-04-01,11.5,3.7,26.0,190.0,0.0
2752,2004-05-01,14.3,3.6,54.0,225.0,0.0
2753,2004-06-01,18.1,3.4,122.0,221.0,0.0
2754,2004-07-01,20.2,4.0,46.0,245.0,0.0
2755,2004-08-01,20.7,3.4,26.0,282.0,0.0
2756,2004-09-01,15.5,3.4,40.0,218.0,0.0
2757,2004-10-01,11.3,2.9,38.0,111.0,0.0
2758,2004-11-01,6.2,5.0,48.0,67.0,0.0
2759,2004-12-01,1.4,3.3,14.0,42.0,1.0
2760,2005-01-01,1.8,4.9,61.0,90.0,39.0
2761,2005-02-01,-1.0,4.1,75.0,92.0,59.0
2762,2005-03-01,4.0,3.9,18.0,213.0,8.0
2763,2005-04-01,11.3,3.4,29.0,216.0,0.0
2764,2005-05-01,15.9,3.8,47.0,287.0,0.0
2765,2005-06-01,19.2,3.6,45.0,259.0,0.0
2766,2005-07-01,20.8,3.8,63.0,233.0,0.0
2767,2005-08-01,18.7,3.6,104.0,208.0,0.0
2768,2005-09-01,16.5,2.9,43.0,196.0,0.0
2769,2005-10-01,10.7,2.9,3.0,180.0,0.0
2770,2005-11-01,4.2,3.0,24.0,65.0,7.0
2771,2005-12-01,0.5,4.7,83.0,69.0,37.0
2772,2006-01-01,-3.4,3.2,47.0,109.0,6.0
2773,2006-02-01,-0.6,3.6,35.0,102.0,13.0
2774,2006-03-01,3.5,4.2,77.0,145.0,22.0
2775,2006-04-01,11.7,3.4,70.0,204.0,0.0
2776,2006-05-01,14.9,3.9,74.0,235.0,0.0
2777,2006-06-01,19.4,3.5,65.0,263.0,0.0
2778,2006-07-01,23.9,3.3,33.0,363.0,0.0
2779,2006-08-01,17.7,4.2,207.0,205.0,0.0
2780,2006-09-01,17.5,3.6,17.0,269.0,0.0
2781,2006-10-01,12.3,3.2,15.0,212.0,0.0
2782,2006-11-01,7.8,4.1,32.0,54.0,0.0
2783,2006-12-01,3.5,3.2,18.0,67.0,1.0
2784,2007-01-01,6.0,4.9,54.0,80.0,7.0
2785,2007-02-01,5.2,4.0,72.0,104.0,5.0
2786,2007-03-01,7.7,3.8,89.0,177.0,0.0
2787,2007-04-01,13.2,3.3,2.0,317.0,0.0
2788,2007-05-01,16.8,3.9,87.0,268.0,0.0
2789,2007-06-01,21.1,3.4,66.0,280.0,0.0
2790,2007-07-01,22.1,4.2,56.0,313.0,0.0
2791,2007-08-01,20.5,3.5,58.0,265.0,0.0
2792,2007-09-01,13.6,3.8,196.0,177.0,0.0
2793,2007-10-01,9.1,3.2,69.0,125.0,0.0
2794,2007-11-01,3.7,4.8,55.0,67.0,16.0
2795,2007-12-01,0.8,3.3,60.0,30.0,2.0
2796,2008-01-01,3.3,4.3,40.0,62.0,3.0
2797,2008-02-01,4.4,3.7,9.0,143.0,0.0
2798,2008-03-01,6.4,4.4,63.0,151.0,1.0
2799,2008-04-01,11.0,4.1,60.0,205.0,0.0
2800,2008-05-01,16.2,3.3,56.0,294.0,0.0
2801,2008-06-01,20.4,2.9,115.0,267.0,0.0
2802,2008-07-01,20.5,3.9,96.0,251.0,0.0
2803,2008-08-01,20.1,3.4,44.0,273.0,0.0
2804,2008-09-01,14.5,3.3,60.0,172.0,0.0
2805,2008-10-01,10.6,2.7,28.0,123.0,0.0
2806,2008-11-01,7.2,4.2,58.0,61.0,2.0
2807,2008-12-01,2.5,4.5,40.0,36.0,0.0
2808,2009-01-01,-1.6,3.3,35.0,76.0,14.0
2809,2009-02-01,1.2,4.9,72.0,36.0,29.0
2810,2009-03-01,5.8,5.0,142.0,97.0,0.0
2811,2009-04-01,14.3,3.4,4.0,310.0,0.0
2812,2009-05-01,16.3,3.8,83.0,251.0,0.0
2813,2009-06-01,18.2,3.7,141.0,192.0,0.0
2814,2009-07-01,21.4,3.9,148.0,330.0,0.0
2815,2009-08-01,21.1,3.1,84.0,280.0,0.0
2816,2009-09-01,17.2,3.0,20.0,229.0,0.0
2817,2009-10-01,9.9,3.5,41.0,105.0,0.0
2818,2009-11-01,6.8,3.3,75.0,70.0,0.0
2819,2009-12-01,1.4,3.4,55.0,56.0,12.0
2820,2010-01-01,-1.9,3.7,62.0,46.0,34.0
2821,2010-02-01,0.9,3.4,18.0,66.0,11.0
2822,2010-03-01,6.0,4.1,17.0,173.0,3.0
2823,2010-04-01,10.8,3.5,90.0,221.0,0.0
2824,2010-05-01,14.7,3.9,164.0,142.0,0.0
2825,2010-06-01,19.2,3.9,118.0,246.0,0.0
2826,2010-07-01,22.3,3.5,87.0,306.0,0.0
2827,2010-08-01,19.5,3.7,120.0,242.0,0.0
2828,2010-09-01,14.2,3.9,64.0,164.0,0.0
2829,2010-10-01,7.8,3.4,22.0,143.0,0.0
2830,2010-11-01,7.5,3.5,35.0,73.0,13.0
2831,2010-12-01,-2.2,3.6,41.0,60.0,55.0
2832,2011-01-01,1.1,3.8,30.0,61.0,14.0
2833,2011-02-01,0.7,4.0,9.0,139.0,3.0
2834,2011-03-01,6.4,3.5,37.0,200.0,0.0
2835,2011-04-01,13.0,3.9,43.0,246.0,0.0
2836,2011-05-01,16.0,3.6,55.0,327.0,0.0
2837,2011-06-01,19.8,4.1,112.0,274.0,0.0
2838,2011-07-01,19.4,4.5,87.0,198.0,0.0
2839,2011-08-01,21.1,2.9,31.0,284.0,0.0
2840,2011-09-01,17.7,3.1,22.0,248.0,0.0
2841,2011-10-01,10.0,3.6,73.0,148.0,0.0
2842,2011-11-01,3.5,2.9,0.0,72.0,0.0
2843,2011-12-01,3.9,3.7,18.0,45.0,0.0
2844,2012-01-01,2.6,5.1,91.0,93.0,10.0
2845,2012-02-01,-2.2,4.7,26.0,128.0,11.0
2846,2012-03-01,8.5,3.6,27.0,223.0,0.0
2847,2012-04-01,11.0,3.7,27.0,227.0,0.0
2848,2012-05-01,17.1,4.0,38.0,280.0,0.0
2849,2012-06-01,20.6,3.5,68.0,255.0,0.0
2850,2012-07-01,21.6,3.3,131.0,246.0,0.0
2851,2012-08-01,21.7,2.8,40.0,298.0,0.0
2852,2012-09-01,16.7,3.3,45.0,202.0,0.0
2853,2012-10-01,10.1,3.2,44.0,128.0,4.0
2854,2012-11-01,6.9,3.2,20.0,63.0,0.0
2855,2012-12-01,0.8,3.5,52.0,62.0,9.0
2856,2013-01-01,0.7,3.9,103.0,25.0,41.0
2857,2013-02-01,1.3,3.8,55.0,43.0,48.0
2858,2013-03-01,3.0,4.0,39.0,138.0,13.0
2859,2013-04-01,11.7,3.2,13.0,208.0,6.0
2860,2013-05-01,15.0,4.1,136.0,214.0,0.0
2861,2013-06-01,18.7,4.1,144.0,250.0,0.0
2862,2013-07-01,22.9,3.2,11.0,385.0,0.0
2863,2013-08-01,21.3,3.0,58.0,282.0,0.0
2864,2013-09-01,15.2,3.8,90.0,156.0,0.0
2865,2013-10-01,11.0,3.0,27.0,150.0,0.0
2866,2013-11-01,6.3,3.9,41.0,65.0,0.0
2867,2013-12-01,3.2,3.9,18.0,77.0,0.0
2868,2014-01-01,2.2,3.3,8.0,62.0,2.0
2869,2014-02-01,4.1,3.7,21.0,87.0,0.0
2870,2014-03-01,9.2,3.7,12.0,218.0,0.0
2871,2014-04-01,12.6,3.5,66.0,203.0,0.0
2872,2014-05-01,14.9,4.5,189.0,231.0,0.0
2873,2014-06-01,19.6,3.2,33.0,304.0,0.0
2874,2014-07-01,21.9,3.6,91.0,268.0,0.0
2875,2014-08-01,19.0,3.1,110.0,216.0,0.0
2876,2014-09-01,15.9,3.4,109.0,154.0,0.0
2877,2014-10-01,12.2,3.0,37.0,95.0,0.0
2878,2014-11-01,8.1,3.6,34.0,55.0,0.0
2879,2014-12-01,3.9,4.6,43.0,75.0,7.0
2880,2015-01-01,3.0,4.3,71.0,57.0,14.0
2881,2015-02-01,2.3,3.9,37.0,116.0,13.0
2882,2015-03-01,6.6,3.6,40.0,151.0,0.0
2883,2015-04-01,11.2,4.1,22.0,255.0,0.0
2884,2015-05-01,15.4,3.7,48.0,178.0,0.0
2885,2015-06-01,20.0,3.4,24.0,288.0,0.0
2886,2015-07-01,24.1,3.0,34.0,310.0,0.0
2887,2015-08-01,23.6,3.0,44.0,298.0,0.0
2888,2015-09-01,16.1,3.7,50.0,160.0,0.0
2889,2015-10-01,9.9,3.1,80.0,84.0,0.0
2890,2015-11-01,8.5,4.3,37.0,135.0,1.0
2891,2015-12-01,4.1,2.8,25.0,83.0,0.0
2892,2016-01-01,0.8,3.7,43.0,81.0,13.0
2893,2016-02-01,6.4,4.2,71.0,82.0,0.0
2894,2016-03-01,6.6,3.5,21.0,129.0,0.0
2895,2016-04-01,11.2,3.3,44.0,201.0,0.0
2896,2016-05-01,15.7,4.2,132.0,235.0,0.0
2897,2016-06-01,20.4,3.4,79.0,276.0,0.0
2898,2016-07-01,22.2,3.2,85.0,287.0,0.0
2899,2016-08-01,20.3,3.0,59.0,271.0,0.0
2900,2016-09-01,18.4,2.4,23.0,260.0,0.0
2901,2016-10-01,9.8,3.2,88.0,83.0,0.0
2902,2016-11-01,4.9,3.0,58.0,86.0,0.0
2903,2016-12-01,1.4,3.6,29.0,78.0,3.0
2904,2017-01-01,-3.4,4.1,21.0,96.0,11.0
2905,2017-02-01,3.1,3.2,29.0,97.0,13.0
2906,2017-03-01,9.4,3.8,40.0,175.0,0.0
2907,2017-04-01,10.1,4.1,73.0,180.0,0.0
2908,2017-05-01,16.7,3.7,44.0,264.0,0.0
2909,2017-06-01,22.2,3.5,32.0,323.0,0.0
2910,2017-07-01,22.2,3.6,66.0,284.0,0.0
2911,2017-08-01,22.6,3.1,42.0,296.0,0.0
2912,2017-09-01,14.9,3.6,93.0,154.0,0.0
2913,2017-10-01,12.1,4.1,64.0,144.0,0.0
2914,2017-11-01,6.2,3.8,41.0,73.0,5.0
2915,2017-12-01,3.0,4.6,43.0,78.0,1.0
2916,2018-01-01,4.2,4.0,46.0,51.0,1.0
2917,2018-02-01,-0.7,3.5,26.0,59.0,17.0
2918,2018-03-01,3.5,3.6,50.0,106.0,5.0
2919,2018-04-01,15.8,3.9,8.0,285.0,0.0
2920,2018-05-01,18.7,3.3,73.0,292.0,0.0
2921,2018-06-01,21.3,3.8,47.0,223.0,0.0
2922,2018-07-01,22.7,3.4,128.0,304.0,0.0
2923,2018-08-01,23.4,2.9,48.0,307.0,0.0
2924,2018-09-01,17.4,2.9,99.0,240.0,0.0
2925,2018-10-01,13.0,3.6,29.0,198.0,0.0
2926,2018-11-01,6.6,3.2,50.0,67.0,2.0
2927,2018-12-01,3.0,4.3,112.0,53.0,10.0
2928,2019-01-01,0.9,4.9,72.0,60.0,25.0
2929,2019-02-01,4.9,3.7,16.0,156.0,0.0
2930,2019-03-01,8.8,3.9,54.0,178.0,0.0
2931,2019-04-01,12.0,4.2,27.0,241.0,0.0
2932,2019-05-01,13.2,4.4,146.0,155.0,0.0
2933,2019-06-01,23.8,3.4,48.0,356.0,0.0
2934,2019-07-01,22.5,3.4,60.0,276.0,0.0
2935,2019-08-01,22.6,2.9,52.0,254.0,0.0
2936,2019-09-01,16.7,3.2,62.0,215.0,0.0
2937,2019-10-01,12.0,2.9,26.0,135.0,0.0
2938,2019-11-01,7.9,3.8,48.0,48.0,0.0
2939,2019-12-01,3.6,3.5,64.0,74.0,0.0
2940,2020-01-01,1.4,3.0,19.0,69.0,2.0
2941,2020-02-01,6.6,5.0,52.0,108.0,0.0
2942,2020-03-01,7.3,4.0,21.0,202.0,0.0
2943,2020-04-01,12.5,2.9,9.0,312.0,0.0
2944,2020-05-01,14.5,3.9,83.0,222.0,0.0
2945,2020-06-01,19.0,4.1,94.0,193.0,0.0
2946,2020-07-01,21.6,2.9,77.0,286.0,0.0
2947,2020-08-01,21.9,3.0,99.0,240.0,0.0
2948,2020-09-01,16.9,3.2,75.0,224.0,0.0
2949,2020-10-01,11.2,3.6,130.0,88.0,0.0
2950,2020-11-01,6.1,2.7,17.0,58.0,0.0
2951,2020-12-01,3.3,3.5,23.0,29.0,1.0
2952,2021-01-01,1.6,3.2,44.0,55.0,7.0
2953,2021-02-01,2.5,3.0,22.0,108.0,7.0
2954,2021-03-01,5.7,3.5,19.0,158.0,1.0
2955,2021-04-01,9.0,4.3,35.0,186.0,2.0
2956,2021-05-01,13.8,4.8,71.0,182.0,0.0
2957,2021-06-01,22.3,3.3,9.0,345.0,0.0
2958,2021-07-01,22.8,3.6,154.0,309.0,0.0
2959,2021-08-01,19.5,3.3,93.0,212.0,0.0
2960,2021-09-01,16.9,2.8,20.0,218.0,0.0
2961,2021-10-01,10.4,3.4,19.0,200.0,0.0
2962,2021-11-01,5.8,3.9,46.0,82.0,4.0
2963,2021-12-01,3.1,3.7,51.0,54.0,18.0
2964,2022-01-01,3.2,5.0,34.0,93.0,4.0
2965,2022-02-01,6.1,5.0,22.0,126.0,0.0
2966,2022-03-01,6.0,3.2,15.0,229.0,0.0
2967,2022-04-01,9.8,3.8,36.0,176.0,5.0
2968,2022-05-01,17.6,3.1,52.0,263.0,0.0
2969,2022-06-01,21.9,3.6,82.0,308.0,0.0
2970,2022-07-01,22.7,3.8,26.0,287.0,0.0
2971,2022-08-01,22.6,3.4,42.0,237.0,0.0
2972,2022-09-01,15.3,3.3,72.0,170.0,0.0
2973,2022-10-01,12.7,2.7,16.0,136.0,0.0
2974,2022-11-01,6.6,3.0,32.0,69.0,1.0
2975,2022-12-01,2.2,3.3,32.0,41.0,8.0
2976,2023-01-01,4.1,3.8,43.0,44.0,22.0
2977,2023-02-01,4.3,4.6,45.0,106.0,1.0
2978,2023-03-01,7.9,3.8,10.0,151.0,0.0
2979,2023-04-01,9.1,3.7,101.0,141.0,0.0
2980,2023-05-01,15.3,3.5,77.0,240.0,0.0
2981,2023-06-01,20.0,3.1,137.0,252.0,0.0
2982,2023-07-01,23.5,3.7,26.0,281.0,0.0
2983,2023-08-01,21.5,3.1,68.0,227.0,0.0
2984,2023-09-01,19.4,2.8,42.0,257.0,0.0
2985,2023-10-01,14.2,3.3,60.0,151.0,0.0
2986,2023-11-01,6.8,4.2,91.0,94.0,1.0
2987,2023-12-01,4.3,4.0,114.0,60.0,27.0
2988,2024-01-01,2.1,4.1,49.0,130.0,3.0
2989,2024-02-01,8.8,4.3,20.0,98.0,0.0
2990,2024-03-01,9.8,4.0,50.0,157.0,0.0
2991,2024-04-01,13.0,3.9,49.0,222.0,0.0
2992,2024-05-01,17.0,3.4,109.0,231.0,0.0
2993,2024-06-01,21.1,3.3,80.0,250.0,0.0
2994,2024-07-01,24.0,3.4,19.0,271.0,0.0
2995,2024-08-01,24.1,2.9,134.0,272.0,0.0
2996,2024-09-01,17.0,4.0,242.0,192.0,0.0
